bandName,bandNumber,address,postalCode,txtPone,website
Abegweit,Abegweit,"PO BOX 36, 11222 ST. PETERS ROAD, SCOTCHFORT, PE",C0A 1T0,(902) 676-2353,http://www.abegweitfirstnations.com/
Lennox Island,Lennox Island,"PO BOX 134, LENNOX ISLAND, PE",C0B 1P0,(902) 831-2779,http://www.lennoxisland.com/
Elsipogtog First Nation,Elsipogtog First Nation,", 373 BIG COVE ROAD, ELSIPOGTOG FIRST NATION, NB",E4W 2S3,(506) 523-8200,http://www.elsipogtog.ca/
Buctouche MicMac,Buctouche MicMac,"9 RESERVE ROAD, BUCTOUCHE RESERVE, NB",E4S 4G2,(506) 743-2520,http://www.nsmdc.ca/main.html
Esgenoopetitj First Nation,Esgenoopetitj First Nation,"621 BAYVIEW DRIVE, BURNT CHURCH, NB",E9G 2A8,(506) 776-1200,http://esgenoopetitjfirstnation.org/
Madawaska Maliseet First Nation,Madawaska Maliseet First Nation,"1771 MAIN STREET, MADAWASKA MALISEET FIRST NAT, NB",E7C 1W9,(506) 739-9765,http://www.madawaskamaliseetfirstnation.com/
Eel Ground,Eel Ground,"47 CHURCH RD, EEL GROUND, NB",E1V 4E6,(506) 627-4600,http://www.eelgroundfirstnation.ca/
Eel River Bar First Nation,Eel River Bar First Nation,"11 MAIN STREET, UNIT 201, EEL RIVER BAR, NB",E8C 1A1,(506) 684-6277,http://nsmdc.ca/main.html
Fort Folly,Fort Folly,"PO BOX 1007, DORCHESTER, NB",E4K 3V5,(506) 379-3400,http://www.fortfolly.nb.ca/
Indian Island,Indian Island,"61 INDIAN ISLAND DRIVE, INDIAN ISLAND, NB",E4W 1S9,(506) 523-4875,http://indianisland.ca
Kingsclear,Kingsclear,"77 FRENCH VILLAGE RD, KINGSCLEAR FIRST NATION, NB",E3E 1K3,(506) 363-3028,http://www.kingsclear.ca
Oromocto First Nation,Oromocto First Nation,"PO BOX 417, 4 HIAWATHA AVENUE, OROMOCTO, NB",E2V 2J2,(506) 357-2083,http://www.ofnb.com/
Pabineau,Pabineau,"1290 PABINEAU FALLS ROAD, PABINEAU FIRST NATION, NB",E2A 7M3,(506) 548-9211,http://www.pabineaufirstnation.ca/
Metepenagiag Mi'kmaq Nation,Metepenagiag Mi'kmaq Nation,"PO BOX 293, METEPENAGIAG MI'KMAQ NATION, NB",E9E 2P2,(506) 836-6111,http://metepenagiag.com/
Saint Mary's,Saint Mary's,"150 CLIFFE STREET, FREDERICTON, NB",E3A 0A1,(506) 458-9511,http://www.stmarysfirstnation.com/
Saint Mary's,Saint Mary's,"150 CLIFFE STREET, FREDERICTON, NB",E3A 0A1,(506) 458-9511,http://www.stmarysfirstnation.com/
Woodstock,Woodstock,"3 WULASTOOK COURT, WOODSTOCK FIRST NATION, NB",E7M 4K6,(506) 328-3303,http://www.woodstockfirstnation.com
Acadia,Acadia,"10526 HIGHWAY 3, YARMOUTH, NS",B5A 4A8,(902) 742-0257,http://www.acadiafirstnation.ca/
Acadia,Acadia,"10526 HIGHWAY 3, YARMOUTH, NS",B5A 4A8,(902) 742-0257,http://www.acadiafirstnation.ca/
Annapolis Valley,Annapolis Valley,"29 TONEY BLVD, CAMBRIDGE 32, NS",B0P 1G0,(902) 538-7149,http://www.kinu.ns.ca/annapolis/
Bear River,Bear River,"PO BOX 210, BEAR RIVER, NS",B0S 1B0,(902) 467-3802,http://www.bearriverculturalcenter.com/aboutbearriverfirstnation.aspx
Potlotek First Nation,Potlotek First Nation,"12004 Highway 4, CHAPEL ISLAND, NS",B0E 3B0,(902) 535-3317,http://www.potlotek.ca/cifn/main.html
Eskasoni,Eskasoni,"PO BOX 7040, 63 MINI MALL DRIVE, ESKASONI, NS",B1W 1A6,(902) 379-2800,http://www.eskasoni.ca/main-page.asp
Pictou Landing,Pictou Landing,"43 MAPLE STREET, RR #2  BOX 55  SITE 6, TRENTON, NS",B0K 1X0,(902) 752-4912,http://www.plfn.ca/
Pictou Landing,Pictou Landing,"43 MAPLE STREET, RR #2  BOX 55  SITE 6, TRENTON, NS",B0K 1X0,(902) 752-4912,http://www.plfn.ca/
Membertou,Membertou,"111 MEMBERTOU STREET, SYDNEY, NS",B1S 2M9,(902) 564-6466,http://www.membertou.ca/
Millbrook,Millbrook,"PO BOX 634, TRURO, NS",B2N 5E5,(902) 897-9199,http://www.millbrookfirstnation.net
Millbrook,Millbrook,"PO BOX 634, TRURO, NS",B2N 5E5,(902) 897-9199,http://www.millbrookfirstnation.net
Millbrook,Millbrook,"PO BOX 634, TRURO, NS",B2N 5E5,(902) 897-9199,http://www.millbrookfirstnation.net
Millbrook,Millbrook,"PO BOX 634, TRURO, NS",B2N 5E5,(902) 897-9199,http://www.millbrookfirstnation.net
Millbrook,Millbrook,"PO BOX 634, TRURO, NS",B2N 5E5,(902) 897-9199,http://www.millbrookfirstnation.net
Millbrook,Millbrook,"PO BOX 634, TRURO, NS",B2N 5E5,(902) 897-9199,http://www.millbrookfirstnation.net
Millbrook,Millbrook,"PO BOX 634, TRURO, NS",B2N 5E5,(902) 897-9199,http://www.millbrookfirstnation.net
Qalipu Mi'kmaq First Nation,Qalipu Mi'kmaq First Nation,"3 CHURCH STREET, CORNER BROOK, NL",A2H 2Z4,(709) 634-0996,http://qalipu.ca/
Qalipu Mi'kmaq First Nation,Qalipu Mi'kmaq First Nation,"3 CHURCH STREET, CORNER BROOK, NL",A2H 2Z4,(709) 634-0996,http://qalipu.ca/
Qalipu Mi'kmaq First Nation,Qalipu Mi'kmaq First Nation,"3 CHURCH STREET, CORNER BROOK, NL",A2H 2Z4,(709) 634-0996,http://qalipu.ca/
Qalipu Mi'kmaq First Nation,Qalipu Mi'kmaq First Nation,"3 CHURCH STREET, CORNER BROOK, NL",A2H 2Z4,(709) 634-0996,http://qalipu.ca/
Qalipu Mi'kmaq First Nation,Qalipu Mi'kmaq First Nation,"3 CHURCH STREET, CORNER BROOK, NL",A2H 2Z4,(709) 634-0996,http://qalipu.ca/
Qalipu Mi'kmaq First Nation,Qalipu Mi'kmaq First Nation,"3 CHURCH STREET, CORNER BROOK, NL",A2H 2Z4,(709) 634-0996,http://qalipu.ca/
Qalipu Mi'kmaq First Nation,Qalipu Mi'kmaq First Nation,"3 CHURCH STREET, CORNER BROOK, NL",A2H 2Z4,(709) 634-0996,http://qalipu.ca/
Qalipu Mi'kmaq First Nation,Qalipu Mi'kmaq First Nation,"3 CHURCH STREET, CORNER BROOK, NL",A2H 2Z4,(709) 634-0996,http://qalipu.ca/
Qalipu Mi'kmaq First Nation,Qalipu Mi'kmaq First Nation,"3 CHURCH STREET, CORNER BROOK, NL",A2H 2Z4,(709) 634-0996,http://qalipu.ca/
Qalipu Mi'kmaq First Nation,Qalipu Mi'kmaq First Nation,"3 CHURCH STREET, CORNER BROOK, NL",A2H 2Z4,(709) 634-0996,http://qalipu.ca/
Qalipu Mi'kmaq First Nation,Qalipu Mi'kmaq First Nation,"3 CHURCH STREET, CORNER BROOK, NL",A2H 2Z4,(709) 634-0996,http://qalipu.ca/
Qalipu Mi'kmaq First Nation,Qalipu Mi'kmaq First Nation,"3 CHURCH STREET, CORNER BROOK, NL",A2H 2Z4,(709) 634-0996,http://qalipu.ca/
Qalipu Mi'kmaq First Nation,Qalipu Mi'kmaq First Nation,"3 CHURCH STREET, CORNER BROOK, NL",A2H 2Z4,(709) 634-0996,http://qalipu.ca/
Miawpukek,Miawpukek,"50 MIAWPUKEK DRIVE, PO BOX 10, CONNE RIVER, NL",A0H 1J0,(709) 882-2470,http://www.mfngov.ca/
Miawpukek,Miawpukek,"50 MIAWPUKEK DRIVE, PO BOX 10, CONNE RIVER, NL",A0H 1J0,(709) 882-2470,http://www.mfngov.ca/
Miawpukek,Miawpukek,"50 MIAWPUKEK DRIVE, PO BOX 10, CONNE RIVER, NL",A0H 1J0,(709) 882-2470,http://www.mfngov.ca/
Nation Huronne Wendat,Nation Huronne Wendat,"255, place Chef-Michel-Laveau, Wendake, QC",G0A 4V0,(418) 843-3767,http://www.wendake.ca/
Listuguj Mi'gmaq Government,Listuguj Mi'gmaq Government,"17, Riverside Street West, P.O. Box 298, Listuguj, QC",G0C 2R0,(418) 788-2136,http://www.listuguj.ca/
Listuguj Mi'gmaq Government,Listuguj Mi'gmaq Government,"17, Riverside Street West, P.O. Box 298, Listuguj, QC",G0C 2R0,(418) 788-2136,http://www.listuguj.ca/
La Nation Micmac de Gespeg,La Nation Micmac de Gespeg,"34, Montée de Corte-Real, C.P. 69 Succ. Fontenelle, Gaspé, QC",G4X 6V2,(418) 368-6005,http://www.gespeg.ca/english.html
Première Nation Wolastoqiyik (Malécite) Wahsipekuk,Première Nation Wolastoqiyik (Malécite) Wahsipekuk,"217, rue de la Grève, Cacouna, QC",G0L 1G0,(418) 860-2393,http://www.malecites.ca/?lang=en
Conseil de la Première Nation Abitibiwinni,Conseil de la Première Nation Abitibiwinni,"45, Rue Migwan, Pikogan, QC",J9T 3A3,(819) 732-6591,http://www.pikogan.com/
Waswanipi,Waswanipi,"1, Chief Louis R. Gull Street, Diom Blacksmith Building, P.O. Box 8, Waswapini, QC",J0Y 3C0,(819) 753-2587,http://www.waswanipi.com/
Eastmain,Eastmain,"76, Nouchimi, P.O. Box 90, Eastmain, QC",J0M 1W0,(819) 977-0211,http://www.eastmain.ca/default.htm
Cree Nation of Chisasibi,Cree Nation of Chisasibi,"1, Riverside Drive, P.O. Box 150, Chisasibi, QC",J0M 1E0,(819) 855-2878,http://www.chisasibi.org/HTML/chief.html
Cree Nation of Nemaska,Cree Nation of Nemaska,"32, Machishteewyaau Trail, Nemaska, QC",J0Y 3B0,(819) 673-2512,http://www.nemaska.com/
Cree Nation of Wemindji,Cree Nation of Wemindji,"16 BEAVER ROAD, PO BOX 60, WEMINDJI, QC",J0M 1L0,(819) 978-0264,http://www.wemindji-nation.qc.ca/
The Crees of the Waskaganish First Nation,The Crees of the Waskaganish First Nation,"70, Waskaganish Street, P.O. BOX 60, Waskaganish, QC",J0M 1R0,(819) 895-8650,http://www.waskaganish.ca/
Communauté anicinape de Kitcisakik,Communauté anicinape de Kitcisakik,"5206 Kitcisakik, Val D'Or, QC",J9P 7C6,(819) 736-3001,http://www.kitcisakik.ca/
Nation Anishnabe du Lac Simon,Nation Anishnabe du Lac Simon,"1026, Boulevard Cicip, CP 139, Lac Simon, QC",J0Y 3M0,(819) 736-4501,http://www.anishinabenation.ca/eng/comm_lacsimon_en.htm
Timiskaming First Nation,Timiskaming First Nation,"24, Algonquin Avenue, Notre-Dame-du-Nord, QC",J0Z 3B0,(819) 723-2335,http://www.timiskamingfirstnation.ca/home.htm
Kebaowek First Nation,Kebaowek First Nation,"110, Ogima Street, Kebaowek, QC",J0Z 3R1,(819) 627-3455,http://www.evfn.ca/
Kebaowek First Nation,Kebaowek First Nation,"110, Ogima Street, Kebaowek, QC",J0Z 3R1,(819) 627-3455,http://www.evfn.ca/
Long Point First Nation,Long Point First Nation,"112, Kakinwawigak Mikana, P.O. Box 1, Winneway, QC",J0Z 2J0,(819) 722-2441,http://www.anishinabenation.ca/eng/comm_longpoint_en.htm
Long Point First Nation,Long Point First Nation,"112, Kakinwawigak Mikana, P.O. Box 1, Winneway, QC",J0Z 2J0,(819) 722-2441,http://www.anishinabenation.ca/eng/comm_longpoint_en.htm
Long Point First Nation,Long Point First Nation,"112, Kakinwawigak Mikana, P.O. Box 1, Winneway, QC",J0Z 2J0,(819) 722-2441,http://www.anishinabenation.ca/eng/comm_longpoint_en.htm
Mohawks of Kahnawá:ke,Mohawks of Kahnawá:ke,"P.O. Box 720, Kahnawake, QC",J0L 1B0,(450) 632-7500,http://www.kahnawake.com
Première Nation des Abénakis de Wôlinak,Première Nation des Abénakis de Wôlinak,"10120, Rue Kolipaïo, Wôlinak, QC",G0X 1B0,(819) 294-6696,http://www.nationwabanaki.com/index.htm
Odanak,Odanak,"104, Rue Sibosis, Odanak, QC",J0G 1H0,(450) 568-2810,http://www.cbodanak.com/anglais/page_/accueil_agl.htm
Kitigan Zibi Anishinabeg,Kitigan Zibi Anishinabeg,"1, Paganakomin Mikan Street, P.O. Box 309, Maniwaki, QC",J9E 3C9,(819) 449-5170,http://www.kza.qc.ca/
Kitigan Zibi Anishinabeg,Kitigan Zibi Anishinabeg,"1, Paganakomin Mikan Street, P.O. Box 309, Maniwaki, QC",J9E 3C9,(819) 449-5170,http://www.kza.qc.ca/
Cree Nation of Mistissini,Cree Nation of Mistissini,"187, Main Street, Mistissini, QC",G0W 1C0,(418) 923-3461,http://www.mistissini.ca/welcome.html
Première Nation des Pekuakamiulnuatsh,Première Nation des Pekuakamiulnuatsh,"1671, rue Ouiatchouan, Mashteuiatsh, QC",G0W 2H0,(418) 275-2473,http://www.mashteuiatsh.ca/communaute.php
Conseil des Atikamekw de Wemotaci,Conseil des Atikamekw de Wemotaci,"36, Rue Kenosi, CP 221, Wemotaci, QC",G0X 3R0,(819) 666-2323,http://www.atikamekwsipi.com/
Les Atikamekw de Manawan,Les Atikamekw de Manawan,"135, Rue Kicik, Manawan, QC",J0K 1M0,(819) 971-8813,http://www.manawan.com/accueil.html
Atikamekw d'Opitciwan,Atikamekw d'Opitciwan,"22, rue Amisk, CP 135, Obedjiwan, QC",G0W 3B0,(819) 974-8837,http://www.opitciwan.ca/
Atikamekw d'Opitciwan,Atikamekw d'Opitciwan,"22, rue Amisk, CP 135, Obedjiwan, QC",G0W 3B0,(819) 974-8837,http://www.opitciwan.ca/
Naskapi Nation of Kawawachikamach,Naskapi Nation of Kawawachikamach,"P.O. Box 5111, Kawawachikamach, QC",G0G 2Z0,(418) 585-2686,http://www.naskapi.ca/
Les Innus de Ekuanitshit,Les Innus de Ekuanitshit,"35, rue Manitou, Ekuanitshit, QC",G0G 1V0,(418) 949-2234,http://www.mamit-innuat.com/Ekuanitshit.htm
Les Innus de Ekuanitshit,Les Innus de Ekuanitshit,"35, rue Manitou, Ekuanitshit, QC",G0G 1V0,(418) 949-2234,http://www.mamit-innuat.com/Ekuanitshit.htm
Montagnais de Unamen Shipu,Montagnais de Unamen Shipu,"90, rue du Large, La Romaine, QC",G0G 1M0,(418) 229-2917,http://www.mamit-innuat.com/Unamenshipu.htm
Bande des Innus de Pessamit,Bande des Innus de Pessamit,"4, rue Metshteu, CP 40, Pessamit, QC",G0H 1B0,(418) 567-2265,http://www.pessamit.ca/
Innue Essipit,Innue Essipit,"32, rue de la Réserve, CP 820, Essipit, QC",G0T 1K0,(418) 233-2509,http://www.mamuitun.com/membres-essipit.asp
Innue Essipit,Innue Essipit,"32, rue de la Réserve, CP 820, Essipit, QC",G0T 1K0,(418) 233-2509,http://www.mamuitun.com/membres-essipit.asp
Montagnais de Pakua Shipi,Montagnais de Pakua Shipi,"CP 178, St-Augustin-Saguenay, QC",G0G 2R0,(418) 947-2253,http://www.mamit-innuat.com/Pakuashipu.htm
Oujé-Bougoumou Cree Nation,Oujé-Bougoumou Cree Nation,"203, Opemisika Meskino Street, P.O. Box 1169, Oujé-Bougoumou, QC",G0W 3C0,(888) 745-3905,http://oujebougoumou.com
Oujé-Bougoumou Cree Nation,Oujé-Bougoumou Cree Nation,"203, Opemisika Meskino Street, P.O. Box 1169, Oujé-Bougoumou, QC",G0W 3C0,(888) 745-3905,http://oujebougoumou.com
Oujé-Bougoumou Cree Nation,Oujé-Bougoumou Cree Nation,"203, Opemisika Meskino Street, P.O. Box 1169, Oujé-Bougoumou, QC",G0W 3C0,(888) 745-3905,http://oujebougoumou.com
Oujé-Bougoumou Cree Nation,Oujé-Bougoumou Cree Nation,"203, Opemisika Meskino Street, P.O. Box 1169, Oujé-Bougoumou, QC",G0W 3C0,(888) 745-3905,http://oujebougoumou.com
Oujé-Bougoumou Cree Nation,Oujé-Bougoumou Cree Nation,"203, Opemisika Meskino Street, P.O. Box 1169, Oujé-Bougoumou, QC",G0W 3C0,(888) 745-3905,http://oujebougoumou.com
Oujé-Bougoumou Cree Nation,Oujé-Bougoumou Cree Nation,"203, Opemisika Meskino Street, P.O. Box 1169, Oujé-Bougoumou, QC",G0W 3C0,(888) 745-3905,http://oujebougoumou.com
Première nation de Whapmagoostui,Première nation de Whapmagoostui,"P.O. Box 390, Whapmagoostui, QC",J0M 1G0,(819) 929-3384,http://www.whapmagoostuifn.ca/bandcouncil.html
Première nation de Whapmagoostui,Première nation de Whapmagoostui,"P.O. Box 390, Whapmagoostui, QC",J0M 1G0,(819) 929-3384,http://www.whapmagoostuifn.ca/bandcouncil.html
Première nation de Whapmagoostui,Première nation de Whapmagoostui,"P.O. Box 390, Whapmagoostui, QC",J0M 1G0,(819) 929-3384,http://www.whapmagoostuifn.ca/bandcouncil.html
Première nation de Whapmagoostui,Première nation de Whapmagoostui,"P.O. Box 390, Whapmagoostui, QC",J0M 1G0,(819) 929-3384,http://www.whapmagoostuifn.ca/bandcouncil.html
Première nation de Whapmagoostui,Première nation de Whapmagoostui,"P.O. Box 390, Whapmagoostui, QC",J0M 1G0,(819) 929-3384,http://www.whapmagoostuifn.ca/bandcouncil.html
Première nation de Whapmagoostui,Première nation de Whapmagoostui,"P.O. Box 390, Whapmagoostui, QC",J0M 1G0,(819) 929-3384,http://www.whapmagoostuifn.ca/bandcouncil.html
Première nation de Whapmagoostui,Première nation de Whapmagoostui,"P.O. Box 390, Whapmagoostui, QC",J0M 1G0,(819) 929-3384,http://www.whapmagoostuifn.ca/bandcouncil.html
Première nation de Whapmagoostui,Première nation de Whapmagoostui,"P.O. Box 390, Whapmagoostui, QC",J0M 1G0,(819) 929-3384,http://www.whapmagoostuifn.ca/bandcouncil.html
Première nation de Whapmagoostui,Première nation de Whapmagoostui,"P.O. Box 390, Whapmagoostui, QC",J0M 1G0,(819) 929-3384,http://www.whapmagoostuifn.ca/bandcouncil.html
Première nation de Whapmagoostui,Première nation de Whapmagoostui,"P.O. Box 390, Whapmagoostui, QC",J0M 1G0,(819) 929-3384,http://www.whapmagoostuifn.ca/bandcouncil.html
Première nation de Whapmagoostui,Première nation de Whapmagoostui,"P.O. Box 390, Whapmagoostui, QC",J0M 1G0,(819) 929-3384,http://www.whapmagoostuifn.ca/bandcouncil.html
Première nation de Whapmagoostui,Première nation de Whapmagoostui,"P.O. Box 390, Whapmagoostui, QC",J0M 1G0,(819) 929-3384,http://www.whapmagoostuifn.ca/bandcouncil.html
Première nation de Whapmagoostui,Première nation de Whapmagoostui,"P.O. Box 390, Whapmagoostui, QC",J0M 1G0,(819) 929-3384,http://www.whapmagoostuifn.ca/bandcouncil.html
Première nation de Whapmagoostui,Première nation de Whapmagoostui,"P.O. Box 390, Whapmagoostui, QC",J0M 1G0,(819) 929-3384,http://www.whapmagoostuifn.ca/bandcouncil.html
Première nation de Whapmagoostui,Première nation de Whapmagoostui,"P.O. Box 390, Whapmagoostui, QC",J0M 1G0,(819) 929-3384,http://www.whapmagoostuifn.ca/bandcouncil.html
Première nation de Whapmagoostui,Première nation de Whapmagoostui,"P.O. Box 390, Whapmagoostui, QC",J0M 1G0,(819) 929-3384,http://www.whapmagoostuifn.ca/bandcouncil.html
Première nation de Whapmagoostui,Première nation de Whapmagoostui,"P.O. Box 390, Whapmagoostui, QC",J0M 1G0,(819) 929-3384,http://www.whapmagoostuifn.ca/bandcouncil.html
Première nation de Whapmagoostui,Première nation de Whapmagoostui,"P.O. Box 390, Whapmagoostui, QC",J0M 1G0,(819) 929-3384,http://www.whapmagoostuifn.ca/bandcouncil.html
Première nation de Whapmagoostui,Première nation de Whapmagoostui,"P.O. Box 390, Whapmagoostui, QC",J0M 1G0,(819) 929-3384,http://www.whapmagoostuifn.ca/bandcouncil.html
Première nation de Whapmagoostui,Première nation de Whapmagoostui,"P.O. Box 390, Whapmagoostui, QC",J0M 1G0,(819) 929-3384,http://www.whapmagoostuifn.ca/bandcouncil.html
Première nation de Whapmagoostui,Première nation de Whapmagoostui,"P.O. Box 390, Whapmagoostui, QC",J0M 1G0,(819) 929-3384,http://www.whapmagoostuifn.ca/bandcouncil.html
Première nation de Whapmagoostui,Première nation de Whapmagoostui,"P.O. Box 390, Whapmagoostui, QC",J0M 1G0,(819) 929-3384,http://www.whapmagoostuifn.ca/bandcouncil.html
Première nation de Whapmagoostui,Première nation de Whapmagoostui,"P.O. Box 390, Whapmagoostui, QC",J0M 1G0,(819) 929-3384,http://www.whapmagoostuifn.ca/bandcouncil.html
Première nation de Whapmagoostui,Première nation de Whapmagoostui,"P.O. Box 390, Whapmagoostui, QC",J0M 1G0,(819) 929-3384,http://www.whapmagoostuifn.ca/bandcouncil.html
Première nation de Whapmagoostui,Première nation de Whapmagoostui,"P.O. Box 390, Whapmagoostui, QC",J0M 1G0,(819) 929-3384,http://www.whapmagoostuifn.ca/bandcouncil.html
Mississaugas of the Credit,Mississaugas of the Credit,"2789 MISSISSAUGA ROAD, RR 6, HAGERSVILLE, ON",N0A 1H0,(905) 768-1133,http://www.mncfn.ca
Six Nations of the Grand River,Six Nations of the Grand River,"PO BOX 5000, OHSWEKEN, ON",N0A 1M0,(519) 445-2201,http://www.sixnations.ca/
Chippewas of Nawash First Nation,Chippewas of Nawash First Nation,"135 Lakeshore Blvd, Neyaashiinigmiing, ON",N0H 2T0,(519) 534-1689,http://www.nawash.ca/
Saugeen,Saugeen,"6493 Hwy 21, Saugeen First Nation # 29, ON",N0H 2L0,(519) 797-2781,http://firstnation.ca/saugeen-nation-chippewas-saugeen
Big Grassy,Big Grassy,"PO BOX 414, MORSON, ON",P0W 1J0,(807) 488-5614,http://www.bgfn.on.ca/
Big Grassy,Big Grassy,"PO BOX 414, MORSON, ON",P0W 1J0,(807) 488-5614,http://www.bgfn.on.ca/
Couchiching First Nation,Couchiching First Nation,"RR 2 RMB 2027, FORT FRANCES, ON",P9A 3M3,(807) 274-3228,http://www.couchiching.ca/
Lac La Croix,Lac La Croix,"PO BOX 640, FORT FRANCES, ON",P9A 3M9,(807) 485-2431,http://llcfn.ca/
Naicatchewenin,Naicatchewenin,"PO BOX 15, RR 1, DEVLIN, ON",P0W 1C0,(807) 486-3407,http://naicatcheweninfirstnation.ca/
Nigigoonsiminikaaning First Nation,Nigigoonsiminikaaning First Nation,"PO BOX 68, FORT FRANCES, ON",P9A 3M5,(807) 481-2508,http://www.nigigoonsiminikaaning.ca/home.php
Rainy River First Nations,Rainy River First Nations,"PO BOX 450, EMO, ON",P0W 1E0,(807) 482-2479,http://rainyriver.firstnation.ca/home
Ojibways of Onigaming First Nation,Ojibways of Onigaming First Nation,"PO BOX 160, NESTOR FALLS, ON",P0X 1K0,(807) 484-2162,http://www.akrc.on.ca/index.php?q=node/15
Seine River First Nation,Seine River First Nation,"PO BOX 124, MINE CENTRE, ON",P0W 1H0,(807) 599-2224,http://seineriverfirstnation.ca/
Seine River First Nation,Seine River First Nation,"PO BOX 124, MINE CENTRE, ON",P0W 1H0,(807) 599-2224,http://seineriverfirstnation.ca/
Wahta Mohawk,Wahta Mohawk,"PO BOX 260, BALA, ON",P0C 1A0,(705) 762-2354,http://www.wahta.ca/
Moose Deer Point,Moose Deer Point,"PO BOX 119, MACTIER, ON",P0C 1H0,(705) 375-5209,http://www.ogemawahj.on.ca/moosedeer.html
Moose Deer Point,Moose Deer Point,"PO BOX 119, MACTIER, ON",P0C 1H0,(705) 375-5209,http://www.ogemawahj.on.ca/moosedeer.html
Shawanaga First Nation,Shawanaga First Nation,"RR1, 2 VILLAGE ROAD, NOBEL, ON",P0G 1G0,(705) 366-2526,http://www.shawanagafirstnation.ca/index.php/en/
Chippewas of Georgina Island,Chippewas of Georgina Island,"RR 2, PO BOX 13, SUTTON WEST, ON",L0E 1R0,(705) 437-1337,http://www.georginaisland.com/
Chippewas of Rama First Nation,Chippewas of Rama First Nation,"200 - 5884 RAMA ROAD, RAMA, ON",L3V 6H6,(705) 325-3611,http://www.mnjikaning.ca/
Mississaugas of Scugog Island First Nation,Mississaugas of Scugog Island First Nation,"22521 ISLAND ROAD, PORT PERRY, ON",L9L 1B6,(905) 985-3337,http://www.scugogfirstnation.com/
Beausoleil,Beausoleil,"GENERAL DELIVERY, CEDAR POINT, ON",L0K 1C0,(705) 247-2051,http://www.chimnissing.ca/
Albany,Albany,"PO BOX 1, FORT ALBANY, ON",P0L 1H0,(705) 278-1044,http://www.mushkegowuk.ca/communityprofiles.html#fort
Attawapiskat,Attawapiskat,"PO BOX 248, ATTAWAPISKAT, ON",P0L 1A0,(705) 997-2375,http://www.firstnation.ca/attawapiskat
Moose Cree First Nation,Moose Cree First Nation,"PO BOX 190, MOOSE FACTORY, ON",P0L 1W0,(705) 658-4619,http://www.moosecree.com/
Taykwa Tagamou Nation,Taykwa Tagamou Nation,"PO BOX 3310, RR 2, COCHRANE, ON",P0L 1C0,(705) 272-5766,http://www.mushkegowuk.ca/communityprofiles.html#tayk
Weenusk,Weenusk,"PO BOX 1, PEAWANUCK, ON",P0L 2H0,(705) 473-2554,http://www.mushkegowuk.ca/communityprofiles.html#ween
Niisaachewan Anishinaabe Nation,Niisaachewan Anishinaabe Nation,"22 BAND OFFICE RD., DALLES, ON",P9N 0J2,(807) 548-5876,%20https://www.niisaachewan.ca/
Eagle Lake,Eagle Lake,"PO BOX 1001, MIGISI SAHGAIGAN, ON",P0V 3H0,(807) 755-5526,http://www.eaglelakefirstnation.ca/
Grassy Narrows First Nation,Grassy Narrows First Nation,"GENERAL DELIVERY, GRASSY NARROWS, ON",P0X 1B0,(807) 925-2201,http://firstnation.ca/grassy-narrows
Wabaseemoong Independent Nations,Wabaseemoong Independent Nations,"GENERAL DELIVERY, WHITEDOG, ON",P0X 1P0,(807) 927-2000,http://www.win-tlua.ca/
Wabaseemoong Independent Nations,Wabaseemoong Independent Nations,"GENERAL DELIVERY, WHITEDOG, ON",P0X 1P0,(807) 927-2000,http://www.win-tlua.ca/
Animakee Wa Zhing #37,Animakee Wa Zhing #37,"PO BOX 1590, KENORA, ON",P9N 3X7,(807) 226-5353,http://www.firstnation.ca/northwest-angle-no-37
Animakee Wa Zhing #37,Animakee Wa Zhing #37,"PO BOX 1590, KENORA, ON",P9N 3X7,(807) 226-5353,http://www.firstnation.ca/northwest-angle-no-37
Animakee Wa Zhing #37,Animakee Wa Zhing #37,"PO BOX 1590, KENORA, ON",P9N 3X7,(807) 226-5353,http://www.firstnation.ca/northwest-angle-no-37
Shoal Lake No.40,Shoal Lake No.40,"GENERAL DELIVERY, KEJICK, ON",P0X 1E0,(807) 733-2315,http://firstnation.ca/shoal-lake-no-40
Shoal Lake No.40,Shoal Lake No.40,"GENERAL DELIVERY, KEJICK, ON",P0X 1E0,(807) 733-2315,http://firstnation.ca/shoal-lake-no-40
Wabigoon Lake Ojibway Nation,Wabigoon Lake Ojibway Nation,"RR 1, SITE 115, PO BOX 300, DRYDEN, ON",P8N 2Y4,(807) 938-6684,http://firstnation.ca/wabigoon-lake
Wabigoon Lake Ojibway Nation,Wabigoon Lake Ojibway Nation,"RR 1, SITE 115, PO BOX 300, DRYDEN, ON",P8N 2Y4,(807) 938-6684,http://firstnation.ca/wabigoon-lake
Mohawks of Akwesasne,Mohawks of Akwesasne,"PO BOX 90, AKWESASNE, QC",H0M 1A0,(613) 575-2250,http://www.akwesasne.ca
Alderville First Nation,Alderville First Nation,"PO BOX 46, ROSENEATH, ON",K0K 2X0,(905) 352-2011,http://www.aldervillefirstnation.ca
Curve Lake,Curve Lake,"GENERAL DELIVERY, CURVE LAKE, ON",K0L 1R0,(705) 657-8045,http://www.curvelakefirstnation.ca/
Hiawatha First Nation,Hiawatha First Nation,"123 Paudash Street, HIAWATHA FIRST NATION, ON",K9J 0E6,(705) 295-4421,http://www.hiawathafirstnation.com/
Algonquins of Pikwakanagan First Nation,Algonquins of Pikwakanagan First Nation,"1657A Mishomis Inamo, Pikwakanagan, ON",K0J 1X0,(613) 625-2800,http://www.algonquinsofpikwakanagan.com
Mohawks of the Bay of Quinte,Mohawks of the Bay of Quinte,"24 MEADOW DRIVE, TYENDINAGA MOHAWK TERRITORY, ON",K0K 1X0,(613) 396-3424,http://www.mbq-tmt.org/
Caldwell,Caldwell,"14 ORANGE STREET, LEAMINGTON, ON",N8H 1P5,(519) 322-1766,http://www.sfns.on.ca/pages/caldwell/index.html
Chippewas of the Thames First Nation,Chippewas of the Thames First Nation,"RR 1, MUNCEY, ON",N0L 1Y0,(519) 289-5555,http://www.cottfn.com/
Chippewas of the Thames First Nation,Chippewas of the Thames First Nation,"RR 1, MUNCEY, ON",N0L 1Y0,(519) 289-5555,http://www.cottfn.com/
Munsee-Delaware Nation,Munsee-Delaware Nation,"RR 1, MUNCEY, ON",N0L 1Y0,(519) 289-5396,http://www.sfns.on.ca/pages/munsee/index.html
Oneida Nation of the Thames,Oneida Nation of the Thames,"RR 2, SOUTHWOLD, ON",N0L 2G0,(519) 652-3244,http://www.oneida.on.ca/
Walpole Island,Walpole Island,"RR 3, WALLACEBURG, ON",N8A 4K9,(519) 627-1481,http://www.bkejwanong.com/
Chippewas of Kettle and Stony Point,Chippewas of Kettle and Stony Point,"6247 INDIAN LANE, KETTLE AND STONY POINT FIRST NATION, ON",N0N 1J1,(519) 786-2125,http://www.kettlepoint.org/home.html
Aamjiwnaang,Aamjiwnaang,"978 TASHMOO AVENUE, SARNIA, ON",N7T 7H5,(519) 336-8410,http://www.aamjiwnaang.ca/
Zhiibaahaasing First Nation,Zhiibaahaasing First Nation,"36 SAGON ROAD, ZHIIBAAHAASING, ON",P0P 1X0,(705) 283-3963,http://www.uccm.ca/chief_zhiibaahaasing_profile.php
Magnetawan,Magnetawan,"10 HWY 529, BRITT, ON",P0G 1A0,(705) 383-2477,http://www.magnetawanfirstnation.com/
Wikwemikong,Wikwemikong,"PO BOX 112, WIKWEMIKONG, ON",P0P 2J0,(705) 859-3122,http://www.wikwemikong.ca/
Sheguiandah,Sheguiandah,"PO BOX 101, SHEGUIANDAH, ON",P0P 1W0,(705) 368-2781,http://www.sheguiandahfirstnation.ca/home.html
Sheguiandah,Sheguiandah,"PO BOX 101, SHEGUIANDAH, ON",P0P 1W0,(705) 368-2781,http://www.sheguiandahfirstnation.ca/home.html
Sheshegwaning,Sheshegwaning,"1079A SHESHEGWANING ROAD, SHESHEGWANING, ON",P0P 1X0,(705) 283-3292,http://www.sheshegwaning.org/
Sheshegwaning,Sheshegwaning,"1079A SHESHEGWANING ROAD, SHESHEGWANING, ON",P0P 1X0,(705) 283-3292,http://www.sheshegwaning.org/
Aundeck-Omni-Kaning,Aundeck-Omni-Kaning,"RR 1, COMP 21, LITTLE CURRENT, ON",P0P 1K0,(705) 368-2228,http://www.aundeckomnikaningfn.com
M'Chigeeng First Nation,M'Chigeeng First Nation,"PO BOX 333, 53 HWY 551, M'CHIGEENG, ON",P0P 1G0,(705) 377-5362,http://www.mchigeeng.ca/
Constance Lake,Constance Lake,"P.O. Box 4000, CONSTANCE LAKE, ON",P0L 1B0,(705) 463-4511,http://www.clfn.on.ca
Eabametoong First Nation,Eabametoong First Nation,"PO BOX 298, FORT HOPE, ON",P0T 1L0,(807) 242-7221,http://www.eabametoong.firstnation.ca/
Long Lake No.58 First Nation,Long Lake No.58 First Nation,"PO BOX 609, LONGLAC, ON",P0T 2A0,(807) 876-2292,http://www.firstnation.ca/long-lake-58
Long Lake No.58 First Nation,Long Lake No.58 First Nation,"PO BOX 609, LONGLAC, ON",P0T 2A0,(807) 876-2292,http://www.firstnation.ca/long-lake-58
Martin Falls,Martin Falls,"GENERAL DELIVERY, OGOKI POST, ON",P0T 2L0,(807) 349-2509,http://firstnation.ca/marten-falls-ogoki-post
Fort William,Fort William,"200 - 90 ANEMKI PLACE, FORT WILLIAM FIRST NATION, ON",P7J 1L3,(807) 623-9543,http://www.fwfn.com/
Fort William,Fort William,"200 - 90 ANEMKI PLACE, FORT WILLIAM FIRST NATION, ON",P7J 1L3,(807) 623-9543,http://www.fwfn.com/
Fort William,Fort William,"200 - 90 ANEMKI PLACE, FORT WILLIAM FIRST NATION, ON",P7J 1L3,(807) 623-9543,http://www.fwfn.com/
Whitesand,Whitesand,"PO BOX 68, ARMSTRONG, ON",P0T 1A0,(807) 583-2177,http://www.wsfn.ca/
Pays Plat,Pays Plat,"10 CENTRAL PLACE, PAYS PLAT, ON",P0T 3C0,(807) 824-2541,http://paysplat.com/
Pays Plat,Pays Plat,"10 CENTRAL PLACE, PAYS PLAT, ON",P0T 3C0,(807) 824-2541,http://paysplat.com/
Red Rock,Red Rock,"PO BOX 1030, NIPIGON, ON",P0T 2J0,(807) 887-2510,http://www.redrockband.ca/
Animbiigoo Zaagi'igan Anishinaabek,Animbiigoo Zaagi'igan Anishinaabek,"PO BOX 120, BEARDMORE, ON",P0T 1G0,(807) 875-2785,http://www.lakenipigonojibway.org/
Pic Mobert,Pic Mobert,"PO BOX 717, MOBERT, ON",P0M 2J0,(807) 822-2134,http://www.picmobert.ca/
Pic Mobert,Pic Mobert,"PO BOX 717, MOBERT, ON",P0M 2J0,(807) 822-2134,http://www.picmobert.ca/
Biinjitiwaabik Zaaging Anishinaabek,Biinjitiwaabik Zaaging Anishinaabek,"GENERAL DELIVERY, MACDIARMID, ON",P0T 2B0,(807) 885-3401,http://www.rockybayfn.ca/
Batchewana First Nation,Batchewana First Nation,"236 FRONTENAC STREET, SAULT STE MARIE, ON",P6A 5K9,(705) 759-0914,http://www.batchewana.ca/
Garden River First Nation,Garden River First Nation,"7 SHINGWAUK STREET, RR 4, GARDEN RIVER, ON",P6A 6Z8,(705) 946-6300,http://www.gardenriver.org/home/ahniin.htm
Mississauga,Mississauga,"PO BOX 1299, BLIND RIVER, ON",P0R 1B0,(705) 356-1621,http://www.mississaugi.com/
Serpent River,Serpent River,"PO BOX 14, 195 VILLAGE ROAD, CUTLER, ON",P0P 1B0,(705) 844-2418,http://www.serpentriverfirstnation.ca/main.html
Serpent River,Serpent River,"PO BOX 14, 195 VILLAGE ROAD, CUTLER, ON",P0P 1B0,(705) 844-2418,http://www.serpentriverfirstnation.ca/main.html
Mishkeegogamang,Mishkeegogamang,"GENERAL DELIVERY, OSNABURGH, ON",P0V 2H0,(807) 928-2414,http://www.mishkeegogamang.ca/
North Caribou Lake,North Caribou Lake,"GENERAL DELIVERY, WEAGAMOW LAKE, ON",P0V 2Y0,(807) 469-5191,http://www.firstnation.ca/north-caribou-weagamowround-lake
Lac Seul,Lac Seul,"PO BOX 100, HUDSON, ON",P0V 1X0,(807) 582-3503,http://www.ifna.ca/lac_seul.html
Wapekeka,Wapekeka,"PO BOX 2, WAPEKEKA, ON",P0V 1B0,(807) 537-2315,http://www.wapekeka.ca/
Bearskin Lake,Bearskin Lake,"PO BOX 25, BEARSKIN LAKE, ON",P0V 1E0,(807) 363-2518,http://firstnation.ca/bearskin-lake
Pikangikum,Pikangikum,"PO BOX 323, PIKANGIKUM, ON",P0V 2L0,(807) 773-5578,http://www.ifna.ca/pikangikum.html
Kitchenuhmaykoosib Inninuwug,Kitchenuhmaykoosib Inninuwug,"PO BOX 329, BIG TROUT LAKE, ON",P0V 1G0,(807) 537-2263,http://www.bigtroutlake.firstnation.ca/
Kasabonika Lake,Kasabonika Lake,"PO BOX 124, KASABONIKA LAKE, ON",P0V 1Y0,(807) 535-2547,http://www.kasabonikafirstnation.com/index.php?pid=1
Sandy Lake,Sandy Lake,"PO BOX 12, SANDY LAKE, ON",P0V 1V0,(807) 774-3421,http://www.sandylake.firstnation.ca/
Kingfisher,Kingfisher,"PO BOX 57, KINGFISHER LAKE, ON",P0V 1Z0,(807) 532-2067,http://www.kingfisherlake.ca/
Muskrat Dam Lake,Muskrat Dam Lake,"PO BOX 140, MUSKRAT DAM, ON",P0V 3B0,(807) 471-2574,http://www.ifna.ca/article/muskrat-dam-119.asp
Sachigo Lake,Sachigo Lake,"PO BOX 51, SACHIGO LAKE, ON",P0V 2P0,(807) 595-2577,http://www.windigoeducation.on.ca/communities/sachigolake
Fort Severn,Fort Severn,"GENERAL DELIVERY, FORT SEVERN, ON",P0V 1W0,(807) 478-2572,http://www.fortsevern.firstnation.ca/
Cat Lake,Cat Lake,"PO BOX 81, CAT LAKE, ON",P0V 1J0,(807) 347-2100,http://www.windigo.on.ca/catlake.htm
Wunnumin,Wunnumin,"PO BOX 105, WUNNUMIN LAKE, ON",P0V 2Z0,(807) 442-2559,http://www.wunnumin.ca/
Dokis,Dokis,"948 MAIN STREET, DOKIS FIRST NATION, ON",P0M 2N1,(705) 763-2575,http://www.dokisfirstnation.com
Matachewan,Matachewan,"PO BOX 160, MATACHEWAN, ON",P0K 1M0,(705) 565-2230,http://www.matachewanfirstnation.com/index.html
Nipissing First Nation,Nipissing First Nation,"36 SEMO ROAD, GARDEN VILLAGE, ON",P2B 3K2,(705) 753-2050,http://www.nfn.ca/
Chapleau Cree First Nation,Chapleau Cree First Nation,"PO BOX 400, CHAPLEAU, ON",P0M 1K0,(705) 864-0784,http://www.chapleau.ca/portal/en/community/cree
Temagami First Nation,Temagami First Nation,"GENERAL DELIVERY, BEAR ISLAND, ON",P0H 1C0,(705) 237-8943,http://www.temagamifirstnation.ca/
Missanabie Cree,Missanabie Cree,"174B HWY 17B, GARDEN RIVER, ON",P6A 6Z1,(705) 254-2702,http://www.missanabiecree.com
Atikameksheng Anishnawbek,Atikameksheng Anishnawbek,"25 RESERVE ROAD, NAUGHTON, ON",P0M 2M0,(705) 692-3651,http://www.wlfn.com/
Michipicoten,Michipicoten,"PO BOX 1, SITE 8, RR 1, WAWA, ON",P0S 1K0,(705) 856-1993,http://www.michipicoten.com
Mattagami,Mattagami,"PO BOX 99, GOGAMA, ON",P0M 1W0,(705) 894-2072,http://mattagamifirstnation.myknet.org/
Flying Post,Flying Post,"PO BOX 1027, NIPIGON, ON",P0T 2J0,(807) 887-3071,http://www.wabun.on.ca/wtcpg9.htm#flyingpost
Brunswick House,Brunswick House,"PO BOX 1178, CHAPLEAU, ON",P0M 1K0,(705) 864-0174,http://brunswickhousefirstnation.com/
Chapleau Ojibway,Chapleau Ojibway,"85 Northern Avenue East, Sault Ste. Marie, ON",P6B 4H5,(705) 864-2910,http://www.wabun.on.ca/wtcpg9.htm#chapleauojibwe
Whitefish River,Whitefish River,"PO BOX A, BIRCH ISLAND, ON",P0P 1A0,(705) 285-4335,http://www.whitefishriver.ca/
Henvey Inlet First Nation,Henvey Inlet First Nation,"295 PICKEREL RIVER RD, PICKEREL, ON",P0G 1J0,(705) 857-2331,http://www.hifn.ca/
Henvey Inlet First Nation,Henvey Inlet First Nation,"295 PICKEREL RIVER RD, PICKEREL, ON",P0G 1J0,(705) 857-2331,http://www.hifn.ca/
Wahgoshig First Nation,Wahgoshig First Nation,"RR 3, MATHESON, ON",P0K 1N0,(705) 273-2055,http://www.anishinabenation.ca/eng/comm_wahgoshig_en.htm
Wawakapewin,Wawakapewin,", PO BOX 477, SIOUX LOOKOUT, ON",P8T 1A8,(807) 737-2662,http://www.wawakapewin.ca/
Wawakapewin,Wawakapewin,", PO BOX 477, SIOUX LOOKOUT, ON",P8T 1A8,(807) 737-2662,http://www.wawakapewin.ca/
Poplar Hill,Poplar Hill,"PO BOX 1, POPLAR HILL, ON",P0V 3E0,(807) 772-8838,http://www.poplarhill.firstnation.ca/
Deer Lake,Deer Lake,"GENERAL DELIVERY, DEER LAKE, ON",P0V 1N0,(807) 775-2141,http://www.deerlake.firstnation.ca
North Spirit Lake,North Spirit Lake,"GENERAL DELIVERY, NORTH SPIRIT LAKE, ON",P0V 2G0,(807) 776-0021,http://www.nsl.firstnation.ca/
Neskantaga First Nation,Neskantaga First Nation,"PO BOX 105, LANSDOWNE HOUSE, ON",P0T 1Z0,(807) 479-2570,http://www.neskantaga.ca/
Webequie,Webequie,"PO BOX 268, WEBEQUIE, ON",P0T 3A0,(807) 353-6531,http://www.webequie.ca/
Webequie,Webequie,"PO BOX 268, WEBEQUIE, ON",P0T 3A0,(807) 353-6531,http://www.webequie.ca/
Aroland,Aroland,"PO BOX 10, AROLAND, ON",P0T 1B0,(807) 329-5970,http://www.firstnation.ca/aroland
Aroland,Aroland,"PO BOX 10, AROLAND, ON",P0T 1B0,(807) 329-5970,http://www.firstnation.ca/aroland
Aroland,Aroland,"PO BOX 10, AROLAND, ON",P0T 1B0,(807) 329-5970,http://www.firstnation.ca/aroland
Aroland,Aroland,"PO BOX 10, AROLAND, ON",P0T 1B0,(807) 329-5970,http://www.firstnation.ca/aroland
Aroland,Aroland,"PO BOX 10, AROLAND, ON",P0T 1B0,(807) 329-5970,http://www.firstnation.ca/aroland
Aroland,Aroland,"PO BOX 10, AROLAND, ON",P0T 1B0,(807) 329-5970,http://www.firstnation.ca/aroland
Aroland,Aroland,"PO BOX 10, AROLAND, ON",P0T 1B0,(807) 329-5970,http://www.firstnation.ca/aroland
Aroland,Aroland,"PO BOX 10, AROLAND, ON",P0T 1B0,(807) 329-5970,http://www.firstnation.ca/aroland
Aroland,Aroland,"PO BOX 10, AROLAND, ON",P0T 1B0,(807) 329-5970,http://www.firstnation.ca/aroland
Aroland,Aroland,"PO BOX 10, AROLAND, ON",P0T 1B0,(807) 329-5970,http://www.firstnation.ca/aroland
Aroland,Aroland,"PO BOX 10, AROLAND, ON",P0T 1B0,(807) 329-5970,http://www.firstnation.ca/aroland
Aroland,Aroland,"PO BOX 10, AROLAND, ON",P0T 1B0,(807) 329-5970,http://www.firstnation.ca/aroland
Aroland,Aroland,"PO BOX 10, AROLAND, ON",P0T 1B0,(807) 329-5970,http://www.firstnation.ca/aroland
Aroland,Aroland,"PO BOX 10, AROLAND, ON",P0T 1B0,(807) 329-5970,http://www.firstnation.ca/aroland
Aroland,Aroland,"PO BOX 10, AROLAND, ON",P0T 1B0,(807) 329-5970,http://www.firstnation.ca/aroland
Aroland,Aroland,"PO BOX 10, AROLAND, ON",P0T 1B0,(807) 329-5970,http://www.firstnation.ca/aroland
Aroland,Aroland,"PO BOX 10, AROLAND, ON",P0T 1B0,(807) 329-5970,http://www.firstnation.ca/aroland
Slate Falls Nation,Slate Falls Nation,"48 LAKEVIEW DR, SLATE FALLS, ON",P0V 3C0,(807) 737-5700,http://www.windigo.on.ca/slatefalls.htm
Black River First Nation,Black River First Nation,"GENERAL DELIVERY, O'HANLEY, MB",R0E 1K0,(204) 367-4411,http://www.black-river.ca/
Brokenhead Ojibway Nation,Brokenhead Ojibway Nation,"GENERAL DELIVERY, SCANTERBURY, MB",R0E 1W0,(204) 766-2494,http://www.seed.mb.ca/brokenhead.html
Fort Alexander,Fort Alexander,"PO BOX 3, FORT ALEXANDER, MB",R0E 0P0,(204) 367-2287,http://www.sagkeeng.ca
Hollow Water,Hollow Water,"PO BOX 2561, WANIPIGOW, MB",R0E 2E0,(204) 363-7278,http://www.seed.mb.ca/hollow_water.html
Fisher River,Fisher River,"PO BOX 367, KOOSTATAK, MB",R0C 1S0,(204) 645-2171,http://www.fisherriver.com/index.shtml
Buffalo Point First Nation,Buffalo Point First Nation,"PO BOX 1037, BUFFALO POINT, MB",R0A 2W0,(204) 437-2133,http://www.buffalopoint-firstnation.ca/welcome.html
Berens River,Berens River,"PO BOX 131, BERENS RIVER, MB",R0B 0A0,(204) 382-2161,http://www.seed.mb.ca/berens_river.html
Bloodvein,Bloodvein,"GENERAL DELIVERY, BLOODVEIN, MB",R0C 0J0,(204) 395-2148,http://www.seed.mb.ca/bloodvein.html
Bloodvein,Bloodvein,"GENERAL DELIVERY, BLOODVEIN, MB",R0C 0J0,(204) 395-2148,http://www.seed.mb.ca/bloodvein.html
Peguis,Peguis,"PO BOX 10, PEGUIS RESERVE, MB",R0C 3J0,(204) 645-2359,http://www.peguisfirstnation.ca/
Little Grand Rapids,Little Grand Rapids,"PO BOX 129, LITTLE GRAND RAPIDS, MB",R0B 0V0,(204) 397-2264,http://www.seed.mb.ca/little_grand_rapids.html
Little Grand Rapids,Little Grand Rapids,"PO BOX 129, LITTLE GRAND RAPIDS, MB",R0B 0V0,(204) 397-2264,http://www.seed.mb.ca/little_grand_rapids.html
Little Grand Rapids,Little Grand Rapids,"PO BOX 129, LITTLE GRAND RAPIDS, MB",R0B 0V0,(204) 397-2264,http://www.seed.mb.ca/little_grand_rapids.html
Roseau River Anishinabe First Nation Government,Roseau River Anishinabe First Nation Government,"PO BOX 30, GINEW, MB",R0A 2R0,(204) 427-2312,http://www.rrafn.com/
Roseau River Anishinabe First Nation Government,Roseau River Anishinabe First Nation Government,"PO BOX 30, GINEW, MB",R0A 2R0,(204) 427-2312,http://www.rrafn.com/
Roseau River Anishinabe First Nation Government,Roseau River Anishinabe First Nation Government,"PO BOX 30, GINEW, MB",R0A 2R0,(204) 427-2312,http://www.rrafn.com/
Roseau River Anishinabe First Nation Government,Roseau River Anishinabe First Nation Government,"PO BOX 30, GINEW, MB",R0A 2R0,(204) 427-2312,http://www.rrafn.com/
Poplar River First Nation,Poplar River First Nation,"PO BOX 90, NEGGINAN, MB",R0B 0Z0,(204) 244-2267,http://www.poplarriverfirstnation.ca/index.htm
Norway House Cree Nation,Norway House Cree Nation,"PO BOX 250, NORWAY HOUSE, MB",R0B 1B0,(204) 359-6786,http://www.nhcn.ca/
Norway House Cree Nation,Norway House Cree Nation,"PO BOX 250, NORWAY HOUSE, MB",R0B 1B0,(204) 359-6786,http://www.nhcn.ca/
Norway House Cree Nation,Norway House Cree Nation,"PO BOX 250, NORWAY HOUSE, MB",R0B 1B0,(204) 359-6786,http://www.nhcn.ca/
Norway House Cree Nation,Norway House Cree Nation,"PO BOX 250, NORWAY HOUSE, MB",R0B 1B0,(204) 359-6786,http://www.nhcn.ca/
Norway House Cree Nation,Norway House Cree Nation,"PO BOX 250, NORWAY HOUSE, MB",R0B 1B0,(204) 359-6786,http://www.nhcn.ca/
Norway House Cree Nation,Norway House Cree Nation,"PO BOX 250, NORWAY HOUSE, MB",R0B 1B0,(204) 359-6786,http://www.nhcn.ca/
Birdtail Sioux,Birdtail Sioux,"PO BOX 22, BEULAH, MB",R0M 0B0,(204) 568-4540,http://www.dotc.mb.ca/birdtail.html
Birdtail Sioux,Birdtail Sioux,"PO BOX 22, BEULAH, MB",R0M 0B0,(204) 568-4540,http://www.dotc.mb.ca/birdtail.html
Birdtail Sioux,Birdtail Sioux,"PO BOX 22, BEULAH, MB",R0M 0B0,(204) 568-4540,http://www.dotc.mb.ca/birdtail.html
Long Plain,Long Plain,"PO BOX 430, PORTAGE LA PRAIRIE, MB",R1N 3B7,(204) 252-2731,http://www.longplainfirstnation.ca/
Dakota Plains,Dakota Plains,"PO BOX 1246, PORTAGE LA PRAIRIE, MB",R1N 3J9,(204) 252-2300,http://www.dotc.mb.ca/dakotaplains.html
Canupawakpa Dakota First Nation,Canupawakpa Dakota First Nation,"PO BOX 146, PIPESTONE, MB",R0M 1T0,(204) 854-2959,http://www.dotc.mb.ca/canupawakpa.html
Sioux Valley Dakota Nation,Sioux Valley Dakota Nation,"PO BOX 38, GRISWOLD, MB",R0M 0S0,(204) 855-2671,http://www.dakotanation.com/
Sioux Valley Dakota Nation,Sioux Valley Dakota Nation,"PO BOX 38, GRISWOLD, MB",R0M 0S0,(204) 855-2671,http://www.dakotanation.com/
Sioux Valley Dakota Nation,Sioux Valley Dakota Nation,"PO BOX 38, GRISWOLD, MB",R0M 0S0,(204) 855-2671,http://www.dakotanation.com/
Swan Lake,Swan Lake,"PO BOX 368, SWAN LAKE, MB",R0G 2S0,(204) 836-2101,http://www.swanlakefirstnation.com/index.html
Swan Lake,Swan Lake,"PO BOX 368, SWAN LAKE, MB",R0G 2S0,(204) 836-2101,http://www.swanlakefirstnation.com/index.html
Swan Lake,Swan Lake,"PO BOX 368, SWAN LAKE, MB",R0G 2S0,(204) 836-2101,http://www.swanlakefirstnation.com/index.html
God's Lake First Nation,God's Lake First Nation,"PO BOX 258, GOD'S LAKE NARROWS, MB",R0B 0M0,(204) 335-2130,http://www.ktc.ca/?page_id=166
Garden Hill First Nations,Garden Hill First Nations,"GENERAL DELIVERY, ISLAND LAKE, MB",R0B 0T0,(204) 456-2085,http://www.ghfn.ca/home.htm
St. Theresa Point,St. Theresa Point,"GENERAL DELIVERY, ST THERESA POINT, MB",R0B 1J0,(204) 462-2106,http://kitayan.ca/?p=157
Wasagamack First Nation,Wasagamack First Nation,"PO BOX 1, WASAGAMACK, MB",R0B 1Z0,(204) 457-2341,http://kitayan.ca/?p=141
Red Sucker Lake,Red Sucker Lake,"GENERAL DELIVERY, RED SUCKER LAKE, MB",R0B 1H0,(204) 469-5041,http://kitayan.ca/?p=181
Bunibonibee Cree Nation,Bunibonibee Cree Nation,"GENERAL DELIVERY, OXFORD HOUSE, MB",R0B 1C0,(204) 538-2282,http://www.ktc.ca/?page_id=162
Manto Sipi Cree Nation,Manto Sipi Cree Nation,"PO BOX 97, GOD'S RIVER, MB",R0B 0N0,(204) 366-2011,http://www.ktc.ca/?page_id=168
Sayisi Dene First Nation,Sayisi Dene First Nation,"GENERAL DELIVERY, TADOULE LAKE, MB",R0B 2C0,(204) 684-2022,http://www.ktc.ca/?page_id=172
York Factory First Nation,York Factory First Nation,"GENERAL DELIVERY, YORK LANDING, MB",R0B 2B0,(204) 341-2180,http://www.ktc.ca/?page_id=178
Fox Lake,Fox Lake,"PO BOX 369, GILLAM, MB",R0B 0L0,(204) 486-2463,http://www.foxlakecreenation.com/
Tataskweyak Cree Nation,Tataskweyak Cree Nation,"PO BOX 250, SPLIT LAKE, MB",R0B 1P0,(204) 342-2045,http://www.ktc.ca/?page_id=174
Shamattawa First Nation,Shamattawa First Nation,"PO BOX 210, SHAMATTAWA, MB",R0B 1K0,(204) 565-2340,http://www.ktc.ca/?page_id=351
Barren Lands,Barren Lands,"PO BOX 40, BROCHET, MB",R0B 0B0,(204) 323-2300,http://www.ktc.ca/?page_id=160
Chemawawin Cree Nation,Chemawawin Cree Nation,"PO BOX 9, EASTERVILLE, MB",R0C 0V0,(204) 329-2161,http://www.chemawawin.ca/
Chemawawin Cree Nation,Chemawawin Cree Nation,"PO BOX 9, EASTERVILLE, MB",R0C 0V0,(204) 329-2161,http://www.chemawawin.ca/
Chemawawin Cree Nation,Chemawawin Cree Nation,"PO BOX 9, EASTERVILLE, MB",R0C 0V0,(204) 329-2161,http://www.chemawawin.ca/
Chemawawin Cree Nation,Chemawawin Cree Nation,"PO BOX 9, EASTERVILLE, MB",R0C 0V0,(204) 329-2161,http://www.chemawawin.ca/
Nisichawayasihk Cree Nation,Nisichawayasihk Cree Nation,"GENERAL DELIVERY, NELSON HOUSE, MB",R0B 1A0,(204) 484-2332,http://www.ncncree.com/index.html
Nisichawayasihk Cree Nation,Nisichawayasihk Cree Nation,"GENERAL DELIVERY, NELSON HOUSE, MB",R0B 1A0,(204) 484-2332,http://www.ncncree.com/index.html
Opaskwayak Cree Nation,Opaskwayak Cree Nation,"PO BOX 10880, OPASKWAYAK, MB",R0B 2J0,(204) 627-7100,http://www.opaskwayak.ca/
Dauphin River,Dauphin River,"PO BOX 58, GYPSUMVILLE, MB",R0C 1J0,(204) 659-5370,http://www.dauphinriver.org/index.html
Northlands Denesuline First Nation,Northlands Denesuline First Nation,"PO BOX 120, LAC BROCHET, MB",R0B 2E0,(204) 337-2270,http://www.ktc.ca/?page_id=170
Northlands Denesuline First Nation,Northlands Denesuline First Nation,"PO BOX 120, LAC BROCHET, MB",R0B 2E0,(204) 337-2270,http://www.ktc.ca/?page_id=170
Northlands Denesuline First Nation,Northlands Denesuline First Nation,"PO BOX 120, LAC BROCHET, MB",R0B 2E0,(204) 337-2270,http://www.ktc.ca/?page_id=170
Northlands Denesuline First Nation,Northlands Denesuline First Nation,"PO BOX 120, LAC BROCHET, MB",R0B 2E0,(204) 337-2270,http://www.ktc.ca/?page_id=170
Northlands Denesuline First Nation,Northlands Denesuline First Nation,"PO BOX 120, LAC BROCHET, MB",R0B 2E0,(204) 337-2270,http://www.ktc.ca/?page_id=170
Northlands Denesuline First Nation,Northlands Denesuline First Nation,"PO BOX 120, LAC BROCHET, MB",R0B 2E0,(204) 337-2270,http://www.ktc.ca/?page_id=170
War Lake First Nation,War Lake First Nation,"GENERAL DELIVERY, ILFORD, MB",R0B 0S0,(204) 288-4315,http://www.ktc.ca/?page_id=178
War Lake First Nation,War Lake First Nation,"GENERAL DELIVERY, ILFORD, MB",R0B 0S0,(204) 288-4315,http://www.ktc.ca/?page_id=178
Kee-Way-Win,Kee-Way-Win,"GENERAL DELIVERY, KEEWAYWIN, ON",P0V 3G0,(807) 771-1210,http://www.keewaywin.firstnation.ca/
McDowell Lake,McDowell Lake,"PO BOX 321, RED LAKE, ON",P0V 2M0,(807) 735-1381,http://www.firstnation.ca/mcdowell-lake
Pauingassi First Nation,Pauingassi First Nation,"PO BOX 60, PAUINGASSI, MB",R0B 2G0,(204) 397-2371,http://www.seed.mb.ca/pauingassi.html
Pauingassi First Nation,Pauingassi First Nation,"PO BOX 60, PAUINGASSI, MB",R0B 2G0,(204) 397-2371,http://www.seed.mb.ca/pauingassi.html
Pauingassi First Nation,Pauingassi First Nation,"PO BOX 60, PAUINGASSI, MB",R0B 2G0,(204) 397-2371,http://www.seed.mb.ca/pauingassi.html
Pauingassi First Nation,Pauingassi First Nation,"PO BOX 60, PAUINGASSI, MB",R0B 2G0,(204) 397-2371,http://www.seed.mb.ca/pauingassi.html
Pauingassi First Nation,Pauingassi First Nation,"PO BOX 60, PAUINGASSI, MB",R0B 2G0,(204) 397-2371,http://www.seed.mb.ca/pauingassi.html
Pauingassi First Nation,Pauingassi First Nation,"PO BOX 60, PAUINGASSI, MB",R0B 2G0,(204) 397-2371,http://www.seed.mb.ca/pauingassi.html
Pauingassi First Nation,Pauingassi First Nation,"PO BOX 60, PAUINGASSI, MB",R0B 2G0,(204) 397-2371,http://www.seed.mb.ca/pauingassi.html
Pauingassi First Nation,Pauingassi First Nation,"PO BOX 60, PAUINGASSI, MB",R0B 2G0,(204) 397-2371,http://www.seed.mb.ca/pauingassi.html
Pauingassi First Nation,Pauingassi First Nation,"PO BOX 60, PAUINGASSI, MB",R0B 2G0,(204) 397-2371,http://www.seed.mb.ca/pauingassi.html
Pauingassi First Nation,Pauingassi First Nation,"PO BOX 60, PAUINGASSI, MB",R0B 2G0,(204) 397-2371,http://www.seed.mb.ca/pauingassi.html
Pauingassi First Nation,Pauingassi First Nation,"PO BOX 60, PAUINGASSI, MB",R0B 2G0,(204) 397-2371,http://www.seed.mb.ca/pauingassi.html
Pauingassi First Nation,Pauingassi First Nation,"PO BOX 60, PAUINGASSI, MB",R0B 2G0,(204) 397-2371,http://www.seed.mb.ca/pauingassi.html
Pauingassi First Nation,Pauingassi First Nation,"PO BOX 60, PAUINGASSI, MB",R0B 2G0,(204) 397-2371,http://www.seed.mb.ca/pauingassi.html
Little Pine,Little Pine,"PO BOX 70, PAYNTON, SK",S0M 2J0,(306) 398-4942,http://www.littlepine.ca/index.html
Lucky Man,Lucky Man,"103B PACKHAM AVENUE, SASKATOON, SK",S7N 4K4,(306) 374-2828,http://www.luckyman.ca/
Moosomin,Moosomin,"PO BOX 98, COCHIN, SK",S0M 0L0,(306) 386-2206,http://www.sicc.sk.ca/bands/bmooso.html
"Mosquito, Grizzly Bear's Head, Lean Man First Nations","Mosquito, Grizzly Bear's Head, Lean Man First Nations","PO BOX 177, CANDO, SK",S0K 0V0,(306) 937-6120,http://www.sicc.sk.ca/bands/bmosqu.html
Onion Lake Cree Nation,Onion Lake Cree Nation,"PO BOX 100, ONION LAKE, SK",S0M 2E0,(780) 847-2200,http://www.onionlake.ca/
Poundmaker,Poundmaker,"PO BOX 610, CUTKNIFE, SK",S0M 0N0,(306) 398-4971,http://www.battlefordstribalcouncil.com/poundmaker.html
Red Pheasant,Red Pheasant,"PO BOX 70, CANDO, SK",S0K 0V0,(306) 937-7717,http://www.batc.ca/red_pheasant/
Saulteaux,Saulteaux,"PO BOX 159, COCHIN, SK",S0M 0L0,(306) 386-2424,http://www.sicc.sk.ca/bands/bsault.html
Sweetgrass,Sweetgrass,"PO BOX 147, GALLIVAN, SK",S0M 0X0,(306) 937-2990,http://www.battlefordstribalcouncil.com/sweetgrass.html
Thunderchild First Nation,Thunderchild First Nation,"PO BOX 600, TURTLEFORD, SK",S0M 2Y0,(306) 845-4300,http://www.thunderchild.ca/
Cumberland House Cree Nation,Cumberland House Cree Nation,"PO BOX 220, CUMBERLAND HOUSE, SK",S0E 0S0,(306) 888-2226,http://www.chcn.ca/
Fond du Lac,Fond du Lac,"PO BOX 211, FOND DU LAC, SK",S0J 0W0,(306) 686-2102,http://www.pagc.sk.ca/submenu/bands.asp?ID=3
Hatchet Lake,Hatchet Lake,"GENERAL DELIVERY, WOLLASTON LAKE, SK",S0J 3C0,(306) 633-2003,http://www.pagc.sk.ca/submenu/bands.asp?ID=4
Lac La Ronge,Lac La Ronge,"PO BOX 480, LA RONGE, SK",S0J 1L0,(306) 425-2183,http://llrib.com
Montreal Lake,Montreal Lake,"PO BOX 106, MONTREAL LAKE, SK",S0J 1Y0,(306) 663-5349,http://www.mlcn.ca/
Peter Ballantyne Cree Nation,Peter Ballantyne Cree Nation,"GENERAL DELIVERY, PELICAN NARROWS, SK",S0P 0E0,(306) 632-2125,http://www.peterballantyne.ca/index.html
Red Earth,Red Earth,"PO BOX 109, RED EARTH, SK",S0E 1K0,(306) 768-3640,http://www.pagc.sk.ca/submenu/bands.asp?ID=9
Shoal Lake Cree Nation,Shoal Lake Cree Nation,"PO BOX 51, PAKWAW, SK",S0E 1G0,(306) 768-3551,http://www.pagc.sk.ca/submenu/bands.asp?ID=10
Wahpeton Dakota Nation,Wahpeton Dakota Nation,"PO BOX 128, PRINCE ALBERT, SK",S6V 5R4,(306) 764-6649,http://www.pagc.sk.ca/submenu/bands.asp?ID=12
Black Lake,Black Lake,"PO BOX 27, BLACK LAKE, SK",S0J 0H0,(306) 284-2044,http://www.pagc.sk.ca/submenu/bands.asp?ID=1
Sturgeon Lake First Nation,Sturgeon Lake First Nation,"RR 1 SITE 12, PO BOX 5, SHELLBROOK, SK",S0J 2E0,(306) 764-1872,http://www.pagc.sk.ca/submenu/bands.asp?ID=11
Cowessess,Cowessess,"PO BOX 100, COWESSESS, SK",S0G 5L0,(306) 696-2520,http://cowessessfn.com
Kahkewistahaw,Kahkewistahaw,"PO BOX 609, BROADVIEW, SK",S0G 0K0,(306) 696-3291,http://www.kahkewistahaw.com/
Ochapowace,Ochapowace,"PO BOX 550, WHITEWOOD, SK",S0G 5C0,(306) 696-2425,http://www.sicc.sk.ca/bands/bochap.html
Zagime Anishinabek,Zagime Anishinabek,"PO BOX 339, GRENFELL, SK",S0G 2B0,(306) 697-2831,http://www.sicc.sk.ca/bands/bsakim.html
White Bear,White Bear,"PO BOX 700, CARLYLE, SK",S0C 0R0,(306) 577-2461,http://www.whitebearfirstnation.ca/
Cote First Nation 366,Cote First Nation 366,"PO BOX 1659, KAMSACK, SK",S0A 1S0,(306) 542-2694,http://www.sicc.sk.ca/bands/bcoteb.html
Keeseekoose,Keeseekoose,"PO BOX 1120, KAMSACK, SK",S0A 1S0,(306) 542-2012,http://www.sicc.sk.ca/bands/bkeese.html
The Key First Nation,The Key First Nation,"PO BOX 70, NORQUAY, SK",S0A 2V0,(306) 594-2020,http://www.keyband.com
Beardy's and Okemasis,Beardy's and Okemasis,"PO BOX 340, DUCK LAKE, SK",S0K 1J0,(306) 467-4523,http://www.beardysband.net/default.aspx?page=Home&ID=1
James Smith,James Smith,"PO BOX 1059, MELFORT, SK",S0E 1A0,(306) 864-3636,http://www.pagc.sk.ca/submenu/bands.asp?ID=5
Muskoday First Nation,Muskoday First Nation,"PO BOX 99, MUSKODAY, SK",S0J 3H0,(306) 764-1282,http://www.muskoday.ca
Whitecap Dakota First Nation,Whitecap Dakota First Nation,"182 CHIEF WHITECAP TRAIL, WHITECAP, SK",S7K 2L2,(306) 477-0908,http://www.whitecapdakota.com/
One Arrow First Nation,One Arrow First Nation,"PO BOX 147, BELLEVUE, SK",S0K 3Y0,(306) 423-5900,http://www.sktc.sk.ca/?q=node/71
Mistawasis Nêhiyawak,Mistawasis Nêhiyawak,"PO BOX 250, LEASK, SK",S0J 1M0,(306) 466-4800,http://www.mistawasis.ca
Muskeg Lake Cree Nation #102,Muskeg Lake Cree Nation #102,"PO BOX 248, MARCELIN, SK",S0J 1R0,(306) 466-4959,http://www.muskeglake.com/
Yellow Quill,Yellow Quill,"PO BOX 40, YELLOW QUILL, SK",S0A 3A0,(306) 322-2281,http://www.sktc.sk.ca/?q=node/73
Kinistin Saulteaux Nation,Kinistin Saulteaux Nation,"PO BOX 2590, TISDALE, SK",S0E 1T0,(306) 878-8188,http://www.kinistin.sk.ca/
Carry The Kettle,Carry The Kettle,"PO BOX 57, SINTALUTA, SK",S0G 4N0,(306) 727-2135,http://cegakin.com/
Little Black Bear,Little Black Bear,"PO BOX 40, GOODEVE, SK",S0A 1C0,(306) 334-2269,http://www.sicc.sk.ca/bands/blblac.html
Nekaneet,Nekaneet,"PO BOX 548, MAPLE CREEK, SK",S0N 1N0,(306) 662-3660,http://www.sicc.sk.ca/bands/bnekan.html
Muscowpetung,Muscowpetung,"PO BOX 1310, FORT QU'APPELLE, SK",S0G 1S0,(306) 723-4747,http://www.muscowpetungfirstnation.ca/
Okanese,Okanese,"PO BOX 759, BALCARRES, SK",S0G 0C0,(306) 334-2532,http://www.sicc.sk.ca/bands/bokane.html
Pasqua First Nation #79,Pasqua First Nation #79,"PO BOX 79, PASQUA, SK",S0G 5M0,(306) 332-5697,http://www.paskwa.com/default.aspx?ID=Home
Peepeekisis Cree Nation No.81,Peepeekisis Cree Nation No.81,"PO BOX 518, BALCARRES, SK",S0G 0C0,(306) 334-2573,http://peepeekisis.com/Home.html
Piapot,Piapot,"GENERAL DELIVERY, ZEHNER, SK",S0G 5K0,(306) 781-4848,http://www.sicc.sk.ca/bands/bpiapo.html
Standing Buffalo,Standing Buffalo,"PO BOX 128, FORT QU'APPELLE, SK",S0G 1S0,(306) 332-4685,http://standingbuffalo.com/
Star Blanket Cree Nation,Star Blanket Cree Nation,"PO BOX 456, BALCARRES, SK",S0G 0C0,(306) 334-2206,http://www.sicc.sk.ca/bands/bstarbl.html
Wood Mountain,Wood Mountain,"PO BOX 1792, ASSINIBOIA, SK",S0H 0B0,(306) 266-2039,http://www.sicc.sk.ca/bands/bwoodm.html
Day Star,Day Star,"PO BOX 277, PUNNICHY, SK",S0A 3C0,(306) 835-2834,http://www.sicc.sk.ca/bands/bdayst.html
Fishing Lake First Nation,Fishing Lake First Nation,"PO BOX 508, WADENA, SK",S0A 4J0,(306) 338-3838,http://www.fishinglakefirstnation.com/
George Gordon First Nation,George Gordon First Nation,"PO BOX 248, PUNNICHY, SK",S0A 3C0,(306) 835-2232,http://www.sicc.sk.ca/bands/bgordo.html
Muskowekwan,Muskowekwan,"PO BOX 249, LESTOCK, SK",S0A 2G0,(306) 274-2061,http://www.sicc.sk.ca/bands/bmuskow.html
Kawacatoose,Kawacatoose,"PO BOX 640, RAYMORE, SK",S0A 3J0,(306) 835-2125,http://www.sicc.sk.ca/bands/bkawac.html
Canoe Lake Cree First Nation,Canoe Lake Cree First Nation,"GENERAL DELIVERY, CANOE NARROWS, SK",S0M 0K0,(306) 829-2150,http://www.sicc.sk.ca/bands/bcanoe.html
Flying Dust First Nation,Flying Dust First Nation,"8001 FLYING DUST RESERVE, MEADOW LAKE, SK",S9X 1T8,(306) 236-4437,http://mltc.sasktelwebhosting.com/fdfn.htm
Makwa Sahgaiehcan First Nation,Makwa Sahgaiehcan First Nation,"PO BOX 340, LOON LAKE, SK",S0M 1L0,(306) 837-2150,http://mltc.sasktelwebhosting.com/msfn.htm
Ministikwan Lake Cree Nation,Ministikwan Lake Cree Nation,"PO BOX 240, ISLAND LAKE, SK",S0M 3G0,(306) 837-2188,http://mltc.sasktelwebhosting.com/ilfn.htm
Buffalo River Dene Nation,Buffalo River Dene Nation,"GENERAL DELIVERY, DILLON, SK",S0M 0S0,(306) 282-2033,http://brdnngo.googlepages.com/
Big Island Lake Cree Nation,Big Island Lake Cree Nation,"PO BOX 309, PIERCELAND, SK",S0M 2K0,(306) 839-2277,http://www.sicc.sk.ca/bands/bjosep.html
English River First Nation,English River First Nation,"GENERAL DELIVERY, PATUANAK, SK",S0M 2H0,(306) 396-2066,http://www.erfn.net/
Clearwater River Dene,Clearwater River Dene,"PO BOX 5050, CLEARWATER RIVER, SK",S0M 3H0,(306) 822-2021,http://mltc.sasktelwebhosting.com/crdn.htm
Waterhen Lake,Waterhen Lake,"PO BOX 9, WATERHEN LAKE, SK",S0M 3B0,(306) 236-6717,http://www.sicc.sk.ca/bands/bwater.html
Birch Narrows First Nation,Birch Narrows First Nation,"GENERAL DELIVERY, TURNOR LAKE, SK",S0M 3E0,(306) 894-2030,http://www.sicc.sk.ca/bands/bbirch.html
Big River,Big River,"PO BOX 519, DEBDEN, SK",S0J 0S0,(306) 724-4700,http://www.brfn.ca/
Pelican Lake,Pelican Lake,"PO BOX 399, LEOVILLE, SK",S0J 1N0,(306) 984-2313,http://www.sicc.sk.ca/bands/bpelic.html
Ahtahkakoop,Ahtahkakoop,"PO BOX 220, SHELL LAKE, SK",S0J 2G0,(306) 468-2326,http://www.ahtahkakoop.ca/
Witchekan Lake,Witchekan Lake,"PO BOX 879, SPIRITWOOD, SK",S0J 2M0,(306) 883-2787,http://www.sicc.sk.ca/bands/bwitch.html
Witchekan Lake,Witchekan Lake,"PO BOX 879, SPIRITWOOD, SK",S0J 2M0,(306) 883-2787,http://www.sicc.sk.ca/bands/bwitch.html
Pheasant Rump Nakota,Pheasant Rump Nakota,"PO BOX 238, KISBEY, SK",S0C 1L0,(306) 462-2002,http://www.sicc.sk.ca/bands/bpheas.html
Pheasant Rump Nakota,Pheasant Rump Nakota,"PO BOX 238, KISBEY, SK",S0C 1L0,(306) 462-2002,http://www.sicc.sk.ca/bands/bpheas.html
Pheasant Rump Nakota,Pheasant Rump Nakota,"PO BOX 238, KISBEY, SK",S0C 1L0,(306) 462-2002,http://www.sicc.sk.ca/bands/bpheas.html
Pheasant Rump Nakota,Pheasant Rump Nakota,"PO BOX 238, KISBEY, SK",S0C 1L0,(306) 462-2002,http://www.sicc.sk.ca/bands/bpheas.html
Pheasant Rump Nakota,Pheasant Rump Nakota,"PO BOX 238, KISBEY, SK",S0C 1L0,(306) 462-2002,http://www.sicc.sk.ca/bands/bpheas.html
Pheasant Rump Nakota,Pheasant Rump Nakota,"PO BOX 238, KISBEY, SK",S0C 1L0,(306) 462-2002,http://www.sicc.sk.ca/bands/bpheas.html
Pheasant Rump Nakota,Pheasant Rump Nakota,"PO BOX 238, KISBEY, SK",S0C 1L0,(306) 462-2002,http://www.sicc.sk.ca/bands/bpheas.html
Pheasant Rump Nakota,Pheasant Rump Nakota,"PO BOX 238, KISBEY, SK",S0C 1L0,(306) 462-2002,http://www.sicc.sk.ca/bands/bpheas.html
Pheasant Rump Nakota,Pheasant Rump Nakota,"PO BOX 238, KISBEY, SK",S0C 1L0,(306) 462-2002,http://www.sicc.sk.ca/bands/bpheas.html
Pheasant Rump Nakota,Pheasant Rump Nakota,"PO BOX 238, KISBEY, SK",S0C 1L0,(306) 462-2002,http://www.sicc.sk.ca/bands/bpheas.html
Pheasant Rump Nakota,Pheasant Rump Nakota,"PO BOX 238, KISBEY, SK",S0C 1L0,(306) 462-2002,http://www.sicc.sk.ca/bands/bpheas.html
Pheasant Rump Nakota,Pheasant Rump Nakota,"PO BOX 238, KISBEY, SK",S0C 1L0,(306) 462-2002,http://www.sicc.sk.ca/bands/bpheas.html
Pheasant Rump Nakota,Pheasant Rump Nakota,"PO BOX 238, KISBEY, SK",S0C 1L0,(306) 462-2002,http://www.sicc.sk.ca/bands/bpheas.html
Pheasant Rump Nakota,Pheasant Rump Nakota,"PO BOX 238, KISBEY, SK",S0C 1L0,(306) 462-2002,http://www.sicc.sk.ca/bands/bpheas.html
Pheasant Rump Nakota,Pheasant Rump Nakota,"PO BOX 238, KISBEY, SK",S0C 1L0,(306) 462-2002,http://www.sicc.sk.ca/bands/bpheas.html
Pheasant Rump Nakota,Pheasant Rump Nakota,"PO BOX 238, KISBEY, SK",S0C 1L0,(306) 462-2002,http://www.sicc.sk.ca/bands/bpheas.html
Pheasant Rump Nakota,Pheasant Rump Nakota,"PO BOX 238, KISBEY, SK",S0C 1L0,(306) 462-2002,http://www.sicc.sk.ca/bands/bpheas.html
Pheasant Rump Nakota,Pheasant Rump Nakota,"PO BOX 238, KISBEY, SK",S0C 1L0,(306) 462-2002,http://www.sicc.sk.ca/bands/bpheas.html
Pheasant Rump Nakota,Pheasant Rump Nakota,"PO BOX 238, KISBEY, SK",S0C 1L0,(306) 462-2002,http://www.sicc.sk.ca/bands/bpheas.html
Pheasant Rump Nakota,Pheasant Rump Nakota,"PO BOX 238, KISBEY, SK",S0C 1L0,(306) 462-2002,http://www.sicc.sk.ca/bands/bpheas.html
Pheasant Rump Nakota,Pheasant Rump Nakota,"PO BOX 238, KISBEY, SK",S0C 1L0,(306) 462-2002,http://www.sicc.sk.ca/bands/bpheas.html
Siksika Nation,Siksika Nation,"PO BOX 1100, SIKSIKA, AB",T0J 3W0,(403) 734-5100,http://www.siksikanation.com/index.html
O'Chiese,O'Chiese,"PO BOX 1570, ROCKY MOUNTAIN HOUSE, AB",T4T 1B2,(403) 989-3943,http://www.ochiese.ca/
Tsuut'ina Nation,Tsuut'ina Nation,"200 - 9911 CHIILA BLVD SW, TSUU T'INA, AB",T2W 6H6,(403) 281-4455,http://www.tsuutina.ca/
Chiniki,Chiniki,"PO BOX 40, MORLEY, AB",T0L 1N0,(403) 881-3770,http://www.stoneynation.com/
Chiniki,Chiniki,"PO BOX 40, MORLEY, AB",T0L 1N0,(403) 881-3770,http://www.stoneynation.com/
Blood,Blood,"PO BOX 60, STANDOFF, AB",T0L 1Y0,(403) 737-3753,http://www.bloodtribe.org/
Piikani Nation,Piikani Nation,"PO BOX 70, BROCKET, AB",T0K 0H0,(403) 965-3940,http://www.treaty7.org/PiikaniNation.aspx
Alexis Nakota Sioux Nation,Alexis Nakota Sioux Nation,"PO BOX 7, GLENEVIS, AB",T0E 0X0,(780) 967-2225,http://www.alexisnakotasioux.com/
Alexander,Alexander,"PO BOX 3419, MORINVILLE, AB",T8R 1S3,(780) 939-5887,http://www.alexanderfn.com/
Louis Bull,Louis Bull,"PO BOX 130, MASKWACIS, AB",T0C 1N0,(780) 585-3978,http://www.siafn.com/contact-us/our-nations/
Louis Bull,Louis Bull,"PO BOX 130, MASKWACIS, AB",T0C 1N0,(780) 585-3978,http://www.siafn.com/contact-us/our-nations/
Paul,Paul,"PO BOX 89, DUFFIELD, AB",T0E 0N0,(780) 892-2691,http://www.paulfirstnation.com/
Montana,Montana,"PO BOX 70, MASKWACIS, AB",TOC 1N0,(780) 585-3744,http://www.montanafirstnation.com/about.html
Ermineskin Tribe,Ermineskin Tribe,"PO BOX 219, MASKWACIS, AB",T0C 1N0,(780) 585-3741,http://www.ermineskin.ca/
Samson,Samson,"PO BOX 159, MASKWACIS, AB",TOC 1NO,(780) 421-4926,http://www.samsoncree.com/
Samson,Samson,"PO BOX 159, MASKWACIS, AB",TOC 1NO,(780) 421-4926,http://www.samsoncree.com/
Samson,Samson,"PO BOX 159, MASKWACIS, AB",TOC 1NO,(780) 421-4926,http://www.samsoncree.com/
Little Red River Cree Nation,Little Red River Cree Nation,"PO BOX 30, JOHN D'OR PRAIRIE, AB",T0H 3X0,(780) 759-3912,http://lrrcn.ab.ca/
Dene Tha',Dene Tha',"PO BOX 120, CHATEH, AB",T0H 0S0,(780) 321-3775,http://www.denetha.ca/
Horse Lake First Nation,Horse Lake First Nation,"PO BOX 303, HYTHE, AB",T0H 2C0,(780) 356-2248,http://www.horselakefirstnation.com/
Driftpile Cree Nation,Driftpile Cree Nation,"PO BOX 30, DRIFTPILE, AB",T0G 0V0,(780) 355-3868,http://www.driftpilecreenation.com/
Driftpile Cree Nation,Driftpile Cree Nation,"PO BOX 30, DRIFTPILE, AB",T0G 0V0,(780) 355-3868,http://www.driftpilecreenation.com/
Kapawe'no First Nation,Kapawe'no First Nation,"PO BOX 10, GROUARD, AB",T0G 1C0,(780) 751-3800,http://kapaweno.homestead.com/
Kapawe'no First Nation,Kapawe'no First Nation,"PO BOX 10, GROUARD, AB",T0G 1C0,(780) 751-3800,http://kapaweno.homestead.com/
Kapawe'no First Nation,Kapawe'no First Nation,"PO BOX 10, GROUARD, AB",T0G 1C0,(780) 751-3800,http://kapaweno.homestead.com/
Kapawe'no First Nation,Kapawe'no First Nation,"PO BOX 10, GROUARD, AB",T0G 1C0,(780) 751-3800,http://kapaweno.homestead.com/
Kapawe'no First Nation,Kapawe'no First Nation,"PO BOX 10, GROUARD, AB",T0G 1C0,(780) 751-3800,http://kapaweno.homestead.com/
Kapawe'no First Nation,Kapawe'no First Nation,"PO BOX 10, GROUARD, AB",T0G 1C0,(780) 751-3800,http://kapaweno.homestead.com/
Bigstone Cree Nation,Bigstone Cree Nation,"PO BOX 960, WABASCA, AB",T0G 2K0,(780) 891-3836,http://www.bigstone.ca/
Bigstone Cree Nation,Bigstone Cree Nation,"PO BOX 960, WABASCA, AB",T0G 2K0,(780) 891-3836,http://www.bigstone.ca/
Beaver Lake Cree Nation,Beaver Lake Cree Nation,"PO BOX 960, LAC LA BICHE, AB",T0A 2C0,(780) 623-4549,http://www.beaverlakecreenation.ca/
Mikisew Cree First Nation,Mikisew Cree First Nation,"PO BOX 90, FORT CHIPEWYAN, AB",T0P 1B0,(780) 697-3740,http://www.atc97.org/mcfn.html
Saddle Lake Cree Nation,Saddle Lake Cree Nation,"PO BOX 100, SADDLE LAKE, AB",T0A 3T0,(780) 726-3829,http://www.saddlelake.ca/
Athabasca Chipewyan First Nation,Athabasca Chipewyan First Nation,"PO BOX 366, FORT CHIPEWYAN, AB",T0P 1B0,(780) 697-3730,http://www.atc97.org/acfn.html
Cold Lake First Nations,Cold Lake First Nations,"PO BOX 1769, COLD LAKE, AB",T9M 1P4,(780) 594-7183,http://www.clfns.com/
Cold Lake First Nations,Cold Lake First Nations,"PO BOX 1769, COLD LAKE, AB",T9M 1P4,(780) 594-7183,http://www.clfns.com/
Cold Lake First Nations,Cold Lake First Nations,"PO BOX 1769, COLD LAKE, AB",T9M 1P4,(780) 594-7183,http://www.clfns.com/
Fort McKay First Nation,Fort McKay First Nation,"PO BOX 5360, FORT MCMURRAY, AB",T9H 3G4,(780) 828-4220,http://www.fortmckay.com/Front-Page.html
Fort McMurray #468 First Nation,Fort McMurray #468 First Nation,"PO BOX 6130, STN MAIN, FORT MCMURRAY, AB",T9H 4W1,(780) 334-2293,http://www.atc97.org/ftmcmurrayfn.html
Fort McMurray #468 First Nation,Fort McMurray #468 First Nation,"PO BOX 6130, STN MAIN, FORT MCMURRAY, AB",T9H 4W1,(780) 334-2293,http://www.atc97.org/ftmcmurrayfn.html
Chipewyan Prairie First Nation,Chipewyan Prairie First Nation,"GENERAL DELIVERY, CHARD, AB",T0P 1G0,(780) 559-2259,http://atc97.org/first-nations/chipewyan-prairie-first-nation
Chipewyan Prairie First Nation,Chipewyan Prairie First Nation,"GENERAL DELIVERY, CHARD, AB",T0P 1G0,(780) 559-2259,http://atc97.org/first-nations/chipewyan-prairie-first-nation
Chipewyan Prairie First Nation,Chipewyan Prairie First Nation,"GENERAL DELIVERY, CHARD, AB",T0P 1G0,(780) 559-2259,http://atc97.org/first-nations/chipewyan-prairie-first-nation
Bearspaw,Bearspaw,"PO BOX 40, MORLEY, AB",T0L 1N0,(403) 881-3770,http://www.stoneynation.com/
Bearspaw,Bearspaw,"PO BOX 40, MORLEY, AB",T0L 1N0,(403) 881-3770,http://www.stoneynation.com/
Wesley,Wesley,"PO BOX 40, MORLEY, AB",T0L 1N0,(403) 881-3770,http://www.stoneynation.com/
Wesley,Wesley,"PO BOX 40, MORLEY, AB",T0L 1N0,(403) 881-3770,http://www.stoneynation.com/
Smith's Landing First Nation,Smith's Landing First Nation,"PO BOX 1470, FORT SMITH, NT",X0E 0P0,(867) 872-4950,http://www.smithslanding.com/
Smith's Landing First Nation,Smith's Landing First Nation,"PO BOX 1470, FORT SMITH, NT",X0E 0P0,(867) 872-4950,http://www.smithslanding.com/
Smith's Landing First Nation,Smith's Landing First Nation,"PO BOX 1470, FORT SMITH, NT",X0E 0P0,(867) 872-4950,http://www.smithslanding.com/
Smith's Landing First Nation,Smith's Landing First Nation,"PO BOX 1470, FORT SMITH, NT",X0E 0P0,(867) 872-4950,http://www.smithslanding.com/
Smith's Landing First Nation,Smith's Landing First Nation,"PO BOX 1470, FORT SMITH, NT",X0E 0P0,(867) 872-4950,http://www.smithslanding.com/
Smith's Landing First Nation,Smith's Landing First Nation,"PO BOX 1470, FORT SMITH, NT",X0E 0P0,(867) 872-4950,http://www.smithslanding.com/
Smith's Landing First Nation,Smith's Landing First Nation,"PO BOX 1470, FORT SMITH, NT",X0E 0P0,(867) 872-4950,http://www.smithslanding.com/
Smith's Landing First Nation,Smith's Landing First Nation,"PO BOX 1470, FORT SMITH, NT",X0E 0P0,(867) 872-4950,http://www.smithslanding.com/
Smith's Landing First Nation,Smith's Landing First Nation,"PO BOX 1470, FORT SMITH, NT",X0E 0P0,(867) 872-4950,http://www.smithslanding.com/
Smith's Landing First Nation,Smith's Landing First Nation,"PO BOX 1470, FORT SMITH, NT",X0E 0P0,(867) 872-4950,http://www.smithslanding.com/
Smith's Landing First Nation,Smith's Landing First Nation,"PO BOX 1470, FORT SMITH, NT",X0E 0P0,(867) 872-4950,http://www.smithslanding.com/
Smith's Landing First Nation,Smith's Landing First Nation,"PO BOX 1470, FORT SMITH, NT",X0E 0P0,(867) 872-4950,http://www.smithslanding.com/
Smith's Landing First Nation,Smith's Landing First Nation,"PO BOX 1470, FORT SMITH, NT",X0E 0P0,(867) 872-4950,http://www.smithslanding.com/
Smith's Landing First Nation,Smith's Landing First Nation,"PO BOX 1470, FORT SMITH, NT",X0E 0P0,(867) 872-4950,http://www.smithslanding.com/
Carcross/Tagish First Nation,Carcross/Tagish First Nation,"PO BOX 130, CARCROSS, YT",Y0B 1B0,(867) 821-4251,http://www.ctfn.ca/tiki-page.php?pageName=Home
Little Salmon/Carmacks First Nation,Little Salmon/Carmacks First Nation,"PO BOX 135, CARMACKS, YT",Y0B 1C0,(867) 863-5576,http://www.lscfn.ca/
Little Salmon/Carmacks First Nation,Little Salmon/Carmacks First Nation,"PO BOX 135, CARMACKS, YT",Y0B 1C0,(867) 863-5576,http://www.lscfn.ca/
Tr'ondëk Hwëch'in,Tr'ondëk Hwëch'in,"PO BOX 599, DAWSON CITY, YT",Y0B 1G0,(867) 993-7100,http://www.trondek.ca/
First Nation of Nacho Nyak Dun,First Nation of Nacho Nyak Dun,"PO BOX 220, MAYO, YT",Y0B 1M0,(867) 996-2265,http://www.nndfn.com/
Vuntut Gwitchin First Nation,Vuntut Gwitchin First Nation,"PO BOX 94, OLD CROW, YT",Y0B 1N0,(867) 966-3213,http://www.vgfn.ca/
Ross River,Ross River,"GENERAL DELIVERY, ROSS RIVER, YT",Y0B 1S0,(867) 969-2277,http://www.theyukon.ca/cdps/cditem.cfm?NID=58
Selkirk First Nation,Selkirk First Nation,"PO BOX 40, PELLY CROSSING, YT",Y0B 1P0,(867) 537-3331,http://www.selkirkfn.com/
Teslin Tlingit Council,Teslin Tlingit Council,"PO BOX 133, TESLIN, YT",Y0A 1B0,(867) 390-2532,http://www.ttc-teslin.com/
Kwanlin Dun First Nation,Kwanlin Dun First Nation,"35 McINTYRE STREET, WHITEHORSE, YT",Y1A 5S5,(867) 633-7800,http://www.kwanlindun.com/
Taku River Tlingit,Taku River Tlingit,"PO BOX 132, ATLIN, BC",V0W 1A0,(250) 651-7900,http://trtfn.yikesite.com/
Liard First Nation,Liard First Nation,"PO BOX 328, WATSON LAKE, YT",Y0A 1C0,(867) 536-7901,http://www.theyukon.ca/cdps/cditem.cfm?nid=205
Kluane First Nation,Kluane First Nation,"PO BOX 20, BURWASH LANDING, YT",Y0B 1V0,(867) 841-4274,http://www.cyfn.ca/ournationskfn?noCache=508:1286548846
Kluane First Nation,Kluane First Nation,"PO BOX 20, BURWASH LANDING, YT",Y0B 1V0,(867) 841-4274,http://www.cyfn.ca/ournationskfn?noCache=508:1286548846
Kluane First Nation,Kluane First Nation,"PO BOX 20, BURWASH LANDING, YT",Y0B 1V0,(867) 841-4274,http://www.cyfn.ca/ournationskfn?noCache=508:1286548846
White River First Nation,White River First Nation,"PO BOX 2, BEAVER CREEK, YT",Y0B 1A0,(867) 862-7802,http://www.wrfn.yk.ca/
Champagne and Aishihik First Nations,Champagne and Aishihik First Nations,"PO BOX 5310, HAINES JUNCTION, YT",Y0B 1L0,(867) 634-4200,http://www.cafn.ca/
Ta'an Kwach'an,Ta'an Kwach'an,"117 INDUSTRIAL ROAD, WHITEHORSE, YT",Y1A 2T8,(867) 668-3613,http://www.taan.ca/
Ta'an Kwach'an,Ta'an Kwach'an,"117 INDUSTRIAL ROAD, WHITEHORSE, YT",Y1A 2T8,(867) 668-3613,http://www.taan.ca/
Ta'an Kwach'an,Ta'an Kwach'an,"117 INDUSTRIAL ROAD, WHITEHORSE, YT",Y1A 2T8,(867) 668-3613,http://www.taan.ca/
Ta'an Kwach'an,Ta'an Kwach'an,"117 INDUSTRIAL ROAD, WHITEHORSE, YT",Y1A 2T8,(867) 668-3613,http://www.taan.ca/
Ta'an Kwach'an,Ta'an Kwach'an,"117 INDUSTRIAL ROAD, WHITEHORSE, YT",Y1A 2T8,(867) 668-3613,http://www.taan.ca/
Ta'an Kwach'an,Ta'an Kwach'an,"117 INDUSTRIAL ROAD, WHITEHORSE, YT",Y1A 2T8,(867) 668-3613,http://www.taan.ca/
Ta'an Kwach'an,Ta'an Kwach'an,"117 INDUSTRIAL ROAD, WHITEHORSE, YT",Y1A 2T8,(867) 668-3613,http://www.taan.ca/
Ta'an Kwach'an,Ta'an Kwach'an,"117 INDUSTRIAL ROAD, WHITEHORSE, YT",Y1A 2T8,(867) 668-3613,http://www.taan.ca/
Ta'an Kwach'an,Ta'an Kwach'an,"117 INDUSTRIAL ROAD, WHITEHORSE, YT",Y1A 2T8,(867) 668-3613,http://www.taan.ca/
Ta'an Kwach'an,Ta'an Kwach'an,"117 INDUSTRIAL ROAD, WHITEHORSE, YT",Y1A 2T8,(867) 668-3613,http://www.taan.ca/
Ta'an Kwach'an,Ta'an Kwach'an,"117 INDUSTRIAL ROAD, WHITEHORSE, YT",Y1A 2T8,(867) 668-3613,http://www.taan.ca/
Ta'an Kwach'an,Ta'an Kwach'an,"117 INDUSTRIAL ROAD, WHITEHORSE, YT",Y1A 2T8,(867) 668-3613,http://www.taan.ca/
Ta'an Kwach'an,Ta'an Kwach'an,"117 INDUSTRIAL ROAD, WHITEHORSE, YT",Y1A 2T8,(867) 668-3613,http://www.taan.ca/
Ta'an Kwach'an,Ta'an Kwach'an,"117 INDUSTRIAL ROAD, WHITEHORSE, YT",Y1A 2T8,(867) 668-3613,http://www.taan.ca/
Ta'an Kwach'an,Ta'an Kwach'an,"117 INDUSTRIAL ROAD, WHITEHORSE, YT",Y1A 2T8,(867) 668-3613,http://www.taan.ca/
Ta'an Kwach'an,Ta'an Kwach'an,"117 INDUSTRIAL ROAD, WHITEHORSE, YT",Y1A 2T8,(867) 668-3613,http://www.taan.ca/
Ta'an Kwach'an,Ta'an Kwach'an,"117 INDUSTRIAL ROAD, WHITEHORSE, YT",Y1A 2T8,(867) 668-3613,http://www.taan.ca/
Ta'an Kwach'an,Ta'an Kwach'an,"117 INDUSTRIAL ROAD, WHITEHORSE, YT",Y1A 2T8,(867) 668-3613,http://www.taan.ca/
Ta'an Kwach'an,Ta'an Kwach'an,"117 INDUSTRIAL ROAD, WHITEHORSE, YT",Y1A 2T8,(867) 668-3613,http://www.taan.ca/
Ta'an Kwach'an,Ta'an Kwach'an,"117 INDUSTRIAL ROAD, WHITEHORSE, YT",Y1A 2T8,(867) 668-3613,http://www.taan.ca/
Ta'an Kwach'an,Ta'an Kwach'an,"117 INDUSTRIAL ROAD, WHITEHORSE, YT",Y1A 2T8,(867) 668-3613,http://www.taan.ca/
Ta'an Kwach'an,Ta'an Kwach'an,"117 INDUSTRIAL ROAD, WHITEHORSE, YT",Y1A 2T8,(867) 668-3613,http://www.taan.ca/
Witset First Nation,Witset First Nation,"205 BEAVER ROAD, SMITHERS, BC",V0J 2N1,(250) 847-2133,http://www.moricetown.ca
Gitanmaax,Gitanmaax,"PO BOX 440, HAZELTON, BC",V0J 1Y0,(250) 842-5297,http://www.gitanmaax.com/
Gitanmaax,Gitanmaax,"PO BOX 440, HAZELTON, BC",V0J 1Y0,(250) 842-5297,http://www.gitanmaax.com/
Gitanmaax,Gitanmaax,"PO BOX 440, HAZELTON, BC",V0J 1Y0,(250) 842-5297,http://www.gitanmaax.com/
Hagwilget First Nation Government,Hagwilget First Nation Government,"PO BOX 460, NEW HAZELTON, BC",V0J 2J0,(250) 842-6258,http://www.hagwilget.com
Hagwilget First Nation Government,Hagwilget First Nation Government,"PO BOX 460, NEW HAZELTON, BC",V0J 2J0,(250) 842-6258,http://www.hagwilget.com
Hagwilget First Nation Government,Hagwilget First Nation Government,"PO BOX 460, NEW HAZELTON, BC",V0J 2J0,(250) 842-6258,http://www.hagwilget.com
Gitanyow,Gitanyow,"PO BOX 340, KITWANGA, BC",V0J 2A0,(250) 849-5222,http://www.gitanyow.com/
Heiltsuk,Heiltsuk,"PO BOX 880, BELLA BELLA, BC",V0T 1Z0,(250) 957-2381,http://www.heiltsuknation.ca/
Nuxalk Nation,Nuxalk Nation,"PO BOX 65, BELLA COOLA, BC",V0T 1C0,(250) 799-5613,http://www.nuxalknation.org
Kitasoo,Kitasoo,"GENERAL DELIVERY, KLEMTU, BC",V0T 1L0,(250) 839-1255,http://www.kitasoo.org/
Wuikinuxv Nation,Wuikinuxv Nation,"WUIKINUXV VILLAGE RIVERS INLET, PO BOX 3500, PORT HARDY, BC",V0N 2P0,(250) 949-8625,http://wuikinuxv.net/
Saulteau First Nations,Saulteau First Nations,"PO BOX 1020, CHETWYND, BC",V0C 1J0,(250) 788-3955,http://www.saulteau.com/
Fort Nelson First Nation,Fort Nelson First Nation,"MILE 295 ALASKA HWY, RR 1, FORT NELSON, BC",V0C 1R0,(250) 774-7257,http://www.fortnelsonfirstnation.org
Prophet River First Nation,Prophet River First Nation,"PO BOX 3250, FORT NELSON, BC",V0C 1R0,(250) 773-6555,http://www.treaty8.bc.ca/communities/prophet.php
West Moberly First Nations,West Moberly First Nations,"PO BOX 90, MOBERLY LAKE, BC",V0C 1X0,(250) 788-3663,http://www.treaty8.bc.ca/communities/westmoberly.php
Halfway River First Nation,Halfway River First Nation,"PO BOX 59, WONOWON, BC",V0C 2N0,(250) 772-5058,http://hrfn.ca/
Blueberry River First Nations,Blueberry River First Nations,"PO BOX 3009, BUICK CREEK, BC",V0C 2R0,(250) 630-2584,https://blueberryfn.com/%20
Doig River First Nation,Doig River First Nation,"PO BOX 56, ROSE PRAIRIE, BC",V0C 2H0,(250) 827-3776,http://www.treaty8.bc.ca/communities/doig.php
Tsleil-Waututh Nation,Tsleil-Waututh Nation,"3075 TAKAYA DRIVE, NORTH VANCOUVER, BC",V7H 3A8,(604) 929-3454,http://www.burrardband.com/
Musqueam,Musqueam,"6735 SALISH DRIVE, VANCOUVER, BC",V6N 4C4,(604) 263-3261,http://www.musqueam.bc.ca/Home.html
Sechelt,Sechelt,"PO BOX 740, 5555 SUNSHINE COAST HWY, SECHELT, BC",V0N 3A0,(604) 885-2273,http://www.secheltnation.ca/
Sechelt,Sechelt,"PO BOX 740, 5555 SUNSHINE COAST HWY, SECHELT, BC",V0N 3A0,(604) 885-2273,http://www.secheltnation.ca/
Klahoose First Nation,Klahoose First Nation,"PO BOX 9, CORTES ISLAND, SQUIRREL COVE, BC",V0P 1T0,(250) 935-6536,http://www.klahoose.com/
Tla'amin Nation,Tla'amin Nation,"4779  KLAHANIE ROAD, POWELL RIVER, BC",V8A 0C4,(604) 483-9646,http://www.tlaaminnation.com/
Squamish,Squamish,"PO BOX 86131, NORTH VANCOUVER, BC",V7L 4J5,(604) 980-4553,http://www.squamish.net
N'Quatqua,N'Quatqua,"PO BOX 88, D'ARCY, BC",V0N 1L0,(604) 452-3221,http://www.nquatqua.ca/
Lil'wat Nation,Lil'wat Nation,"PO BOX 602, MOUNT CURRIE, BC",V0N 2K0,(604) 894-6115,http://www.lilwat.ca/
Lil'wat Nation,Lil'wat Nation,"PO BOX 602, MOUNT CURRIE, BC",V0N 2K0,(604) 894-6115,http://www.lilwat.ca/
Lil'wat Nation,Lil'wat Nation,"PO BOX 602, MOUNT CURRIE, BC",V0N 2K0,(604) 894-6115,http://www.lilwat.ca/
Kwikwetlem First Nation,Kwikwetlem First Nation,"2 - 65 COLONY FARM ROAD, COQUITLAM, BC",V3C 5X9,(604) 540-0680,http://www.kwikwetlem.com/home
Kwikwetlem First Nation,Kwikwetlem First Nation,"2 - 65 COLONY FARM ROAD, COQUITLAM, BC",V3C 5X9,(604) 540-0680,http://www.kwikwetlem.com/home
Skatin Nations,Skatin Nations,"PO Box 478, Mount Currie, BC",V0N 2K0,(778) 906-0223,http://www.inshuckch.com/skatin.html
Katzie,Katzie,"10946 KATZIE ROAD, PITT MEADOWS, BC",V3Y 2G6,(604) 465-8961,http://www.katzie.ca/
Kwantlen First Nation,Kwantlen First Nation,"23690 GABRIEL LANE, PO BOX 108, FORT LANGLEY, BC",V1M 2R4,(604) 888-2488,http://www.kwantlenfn.ca/
Kwantlen First Nation,Kwantlen First Nation,"23690 GABRIEL LANE, PO BOX 108, FORT LANGLEY, BC",V1M 2R4,(604) 888-2488,http://www.kwantlenfn.ca/
Kwantlen First Nation,Kwantlen First Nation,"23690 GABRIEL LANE, PO BOX 108, FORT LANGLEY, BC",V1M 2R4,(604) 888-2488,http://www.kwantlenfn.ca/
Samahquam,Samahquam,"PO BOX 610, MOUNT CURRIE, BC",V0N 2K0,(604) 966-3722,http://www.inshuckch.com/Samahquam.html
Sq'éwlets,Sq'éwlets,"PO BOX 76, LAKE ERROCK, BC",V0M 1N0,(604) 826-5813,https://www.facebook.com/pages/Scowlitz-First-Nation/271170762991983
Sq'éwlets,Sq'éwlets,"PO BOX 76, LAKE ERROCK, BC",V0M 1N0,(604) 826-5813,https://www.facebook.com/pages/Scowlitz-First-Nation/271170762991983
Sq'éwlets,Sq'éwlets,"PO BOX 76, LAKE ERROCK, BC",V0M 1N0,(604) 826-5813,https://www.facebook.com/pages/Scowlitz-First-Nation/271170762991983
Skowkale,Skowkale,"PO BOX 2159, SARDIS, BC",V2R 1A7,(604) 792-0730,http://www.skowkalefn.com/
Soowahlie,Soowahlie,"4393 SOOWAHLIE ROAD, CULTUS LAKE, BC",V2R 4Y2,(604) 858-4631,http://www.soowahlie.ca/home.html
Soowahlie,Soowahlie,"4393 SOOWAHLIE ROAD, CULTUS LAKE, BC",V2R 4Y2,(604) 858-4631,http://www.soowahlie.ca/home.html
Squiala First Nation,Squiala First Nation,"45005 SQUIALA ROAD, CHILLIWACK, BC",V2P 7Z9,(604) 792-8300,http://www.squiala.com/index.php
Tzeachten,Tzeachten,"45855 PROMONTORY ROAD, CHILLIWACK, BC",V2R 0H3,(604) 858-3888,http://www.tzeachten.ca/
Tzeachten,Tzeachten,"45855 PROMONTORY ROAD, CHILLIWACK, BC",V2R 0H3,(604) 858-3888,http://www.tzeachten.ca/
Tsawwassen First Nation,Tsawwassen First Nation,"1926 TSAWWASSEN DR. N., DELTA, BC",V4M 4G4,(604) 943-2112,http://www.tsawwassenfirstnation.com/
Tsawwassen First Nation,Tsawwassen First Nation,"1926 TSAWWASSEN DR. N., DELTA, BC",V4M 4G4,(604) 943-2112,http://www.tsawwassenfirstnation.com/
Leq'á:mel First Nation,Leq'á:mel First Nation,"43101 LEQ'A: MEL WAY, DEROCHE, BC",V0M 1G0,(604) 826-7976,http://www.lakahahmen.com/
Leq'á:mel First Nation,Leq'á:mel First Nation,"43101 LEQ'A: MEL WAY, DEROCHE, BC",V0M 1G0,(604) 826-7976,http://www.lakahahmen.com/
Seabird Island,Seabird Island,"PO BOX 650, AGASSIZ, BC",V0M 1A0,(604) 796-2177,http://www.seabirdisland.ca/
Skawahlook First Nation,Skawahlook First Nation,"58611A LOUGHEED HWY, AGASSIZ, BC",V0M 1A2,(604) 796-9129,http://www.skawahlook.com/
Skawahlook First Nation,Skawahlook First Nation,"58611A LOUGHEED HWY, AGASSIZ, BC",V0M 1A2,(604) 796-9129,http://www.skawahlook.com/
Cheam,Cheam,"52161 Victor Drive, Rosedale, BC",V0X 1X1,(604) 794-7924,http://www.cheam.ca/
Cheam,Cheam,"52161 Victor Drive, Rosedale, BC",V0X 1X1,(604) 794-7924,http://www.cheam.ca/
Cheam,Cheam,"52161 Victor Drive, Rosedale, BC",V0X 1X1,(604) 794-7924,http://www.cheam.ca/
Shxw'ow'hamel First Nation,Shxw'ow'hamel First Nation,"58700A ST. ELMO ROAD, HOPE, BC",V0X 1L2,(604) 869-2627,http://www.shxwowhamel.ca/
Union Bar First Nation,Union Bar First Nation,"66427 KAWKAWA LAKE RD, HOPE, BC",V0X 1L1,(604) 869-9930,http://www.unionbarfirstnations.com
Yale First Nation,Yale First Nation,"PO BOX 1869, HOPE, BC",V0X 1L0,(604) 869-0013,http://www.yalefirstnation.ca/
Bridge River,Bridge River,"PO BOX 190, LILLOOET, BC",V0K 1V0,(250) 256-7423,http://www.xwisten.ca/
Bridge River,Bridge River,"PO BOX 190, LILLOOET, BC",V0K 1V0,(250) 256-7423,http://www.xwisten.ca/
Xaxli'p,Xaxli'p,"PO BOX 1330, LILLOOET, BC",V0K 1V0,(250) 256-4800,http://www.xaxlip.ca/
T'it'q'et,T'it'q'et,"PO BOX 615, LILLOOET, BC",V0K 1V0,(250) 256-4118,http://www.titqet.org/
Ts'kw'aylaxw First Nation,Ts'kw'aylaxw First Nation,"PO BOX 2200, LILLOOET, BC",V0K 1V0,(250) 256-4204,http://www.tskwaylaxw.com/
Tsal'alh,Tsal'alh,"SITE 3 BOX 76, SHALALTH, BC",V0N 3C0,(250) 259-8227,http://tsalalh.net/
Osoyoos,Osoyoos,"1155 SEN POK CHIN BLVD, OLIVER, BC",V0H 1T8,(250) 498-3444,http://www.oib.ca/
Penticton,Penticton,"RR 2 SITE 80 COMP 19, PENTICTON, BC",V2A 6J7,(250) 493-0048,http://www.pib.ca
Lower Similkameen,Lower Similkameen,"517TH AVENUE, PO BOX 100, KEREMEOS, BC",V0X 1N0,(250) 499-5528,http://www.lsib.net/
Lower Similkameen,Lower Similkameen,"517TH AVENUE, PO BOX 100, KEREMEOS, BC",V0X 1N0,(250) 499-5528,http://www.lsib.net/
Splatsin,Splatsin,"PO BOX 460, ENDERBY, BC",V0E 1V0,(250) 838-6496,http://www.splatsin.ca/
Westbank First Nation,Westbank First Nation,"201-515 HWY 97 SOUTH, KELOWNA, BC",V1Z 3J2,(250) 769-4999,http://www.wfn.ca/
Westbank First Nation,Westbank First Nation,"201-515 HWY 97 SOUTH, KELOWNA, BC",V1Z 3J2,(250) 769-4999,http://www.wfn.ca/
Westbank First Nation,Westbank First Nation,"201-515 HWY 97 SOUTH, KELOWNA, BC",V1Z 3J2,(250) 769-4999,http://www.wfn.ca/
?Akisq'nuk First Nation,?Akisq'nuk First Nation,"3050 HIGHWAY 93 / 95, WINDERMERE, BC",V0B 2L2,(250) 342-6301,http://akisqnuk.org/home/
Shuswap,Shuswap,"RR#2, 3A - 492 Arrow Road, INVERMERE, BC",V0A 1K2,(250) 341-3678,http://www.shuswapband.net/
Shuswap,Shuswap,"RR#2, 3A - 492 Arrow Road, INVERMERE, BC",V0A 1K2,(250) 341-3678,http://www.shuswapband.net/
Lake Babine Nation,Lake Babine Nation,"PO BOX 879, BURNS LAKE, BC",V0J 1E0,(250) 692-4700,http://www.lakebabine.com/nation
Takla Nation,Takla Nation,"Unit 401-1777, 3rd Avenue, PRINCE GEORGE, BC",V2L 3G7,(250) 564-9321,http://www.taklafn.ca/
Takla Nation,Takla Nation,"Unit 401-1777, 3rd Avenue, PRINCE GEORGE, BC",V2L 3G7,(250) 564-9321,http://www.taklafn.ca/
Kwadacha,Kwadacha,"497 - 3RD AVENUE, PRINCE GEORGE, BC",V2L 3C1,(250) 563-4161,http://www.kwadacha.com/nation
Lheidli T'enneh,Lheidli T'enneh,"1041 WHENUN ROAD, PRINCE GEORGE, BC",V2K 5X8,(250) 963-8451,http://www.lheidli.ca/default.htm
Nadleh Whuten,Nadleh Whuten,"PO BOX 36, FORT FRASER, BC",V0J 1N0,(250) 690-7211,http://www.nadleh.ca/
Stellat'en First Nation,Stellat'en First Nation,"PO BOX 760, FRASER LAKE, BC",V0J 1S0,(250) 699-8747,http://www.stellaten.ca/stellaten/
Nak'azdli Whut'en,Nak'azdli Whut'en,"PO BOX 1329, FORT ST. JAMES, BC",V0J 1P0,(250) 996-7171,http://www.nakazdli.ca/
Saik'uz First Nation,Saik'uz First Nation,"135 JOSEPH STREET, VANDERHOOF, BC",V0J 3A1,(250) 567-9293,http://www.cstc.bc.ca/cstc/43/saikuz+first+nation
Okanagan,Okanagan,"12420 WESTSIDE RD, VERNON, BC",V1H 2A4,(250) 542-4328,http://www.okib.ca/
Tl'azt'en Nation,Tl'azt'en Nation,"PO BOX 670, FORT ST. JAMES, BC",V0J 1P0,(250) 648-3212,http://www.tlaztennation.ca
McLeod Lake,McLeod Lake,"GENERAL DELIVERY, MCLEOD LAKE, BC",V0J 2G0,(250) 750-4415,http://www.mlib.ca/
Burns Lake,Burns Lake,"BAG 9000, BURNS LAKE, BC",V0J 1E0,(250) 692-7717,http://www.burnslakeband.ca/
Cheslatta Carrier Nation,Cheslatta Carrier Nation,"PO BOX 909, BURNS LAKE, BC",V0J 1E0,(250) 694-3334,http://www.cheslatta.com/Community/Community.html
Cheslatta Carrier Nation,Cheslatta Carrier Nation,"PO BOX 909, BURNS LAKE, BC",V0J 1E0,(250) 694-3334,http://www.cheslatta.com/Community/Community.html
Cheslatta Carrier Nation,Cheslatta Carrier Nation,"PO BOX 909, BURNS LAKE, BC",V0J 1E0,(250) 694-3334,http://www.cheslatta.com/Community/Community.html
Cape Mudge,Cape Mudge,"690 HEADSTART CRES, CAMPBELL RIVER, BC",V9H 1P9,(250) 914-1890,http://www.wewaikai.com/
K'ómoks First Nation,K'ómoks First Nation,"3330 COMOX ROAD, COURTENAY, BC",V9N 3P8,(250) 339-4545,http://www.comoxband.ca/index.php
Kwikwasut'inuxw Haxwa'mis,Kwikwasut'inuxw Haxwa'mis,"PO BOX 10, ALERT BAY, BC",V0N 1A0,(250) 974-3001,http://khfn.ca/
Kwakiutl,Kwakiutl,"PO BOX 1440, PORT HARDY, BC",V0N 2P0,(250) 949-6012,http://www.kwakiutl.ca/
Kwakiutl,Kwakiutl,"PO BOX 1440, PORT HARDY, BC",V0N 2P0,(250) 949-6012,http://www.kwakiutl.ca/
Kwiakah,Kwiakah,"PO BOX 437, STATION A, CAMPBELL RIVER, BC",V9W 5B6, ,http://kwiakah.com/index.htm
Kwiakah,Kwiakah,"PO BOX 437, STATION A, CAMPBELL RIVER, BC",V9W 5B6, ,http://kwiakah.com/index.htm
Mowachaht/Muchalaht,Mowachaht/Muchalaht,"PO BOX 459, GOLD RIVER, BC",V0P 1G0,(250) 283-2015,http://www.yuquot.ca/
Namgis First Nation,Namgis First Nation,"PO BOX 210, ALERT BAY, BC",V0N 1A0,(250) 974-5556,http://www.namgis.bc.ca/SitePages/HomepageNEW.aspx
Namgis First Nation,Namgis First Nation,"PO BOX 210, ALERT BAY, BC",V0N 1A0,(250) 974-5556,http://www.namgis.bc.ca/SitePages/HomepageNEW.aspx
Quatsino,Quatsino,"305 QUATTISHE ROAD, COAL HARBOUR, BC",V0N 1K0,(250) 949-6245,http://quatsinofn.com/
Ehattesaht,Ehattesaht,"PO BOX 59, ZEBALLOS, BC",V0P 2A0,(250) 761-4155,http://www.ehattesaht.com/index.html
Da'naxda'xw First Nation,Da'naxda'xw First Nation,"PO BOX 330, ALERT BAY, BC",V0N 1A0,(250) 974-2703,http://www.danaxdaxw.com/
Dzawada'enuxw First Nation,Dzawada'enuxw First Nation,"GENERAL DELIVERY, KINGCOME INLET, BC",V0N 2B0,(250) 974-3013,http://www.kingcome.ca/
Dzawada'enuxw First Nation,Dzawada'enuxw First Nation,"GENERAL DELIVERY, KINGCOME INLET, BC",V0N 2B0,(250) 974-3013,http://www.kingcome.ca/
Dzawada'enuxw First Nation,Dzawada'enuxw First Nation,"GENERAL DELIVERY, KINGCOME INLET, BC",V0N 2B0,(250) 974-3013,http://www.kingcome.ca/
Nuchatlaht,Nuchatlaht,"PO BOX 40, ZEBALLOS, BC",V0P 2A0,(250) 332-5908,http://www.nuchatlaht.com/
Beecher Bay,Beecher Bay,"4901B EAST SOOKE ROAD, SOOKE, BC",V9Z 1B6,(250) 478-3535,http://www.beecherbaybc.com/
Beecher Bay,Beecher Bay,"4901B EAST SOOKE ROAD, SOOKE, BC",V9Z 1B6,(250) 478-3535,http://www.beecherbaybc.com/
Cowichan,Cowichan,"5760 ALLENBY ROAD, DUNCAN, BC",V9L 5J1,(250) 748-3196,http://www.cowichantribes.com/
Ts'uubaa-asatx,Ts'uubaa-asatx,"313B DEER ROAD, PO BOX 159, LAKE COWICHAN, BC",V0R 2G0,(250) 749-3301,http://www.lakecowichanfn.com/
Esquimalt,Esquimalt,"1189 KOSAPSUM CRESCENT, VICTORIA, BC",V9A 7K7,(250) 381-7861,http://www.esquimaltnation.ca/
Halalt,Halalt,"7973 CHEMAINUS ROAD, RR 5, CHEMAINUS, BC",V0R 1K5,(250) 246-4736,http://www.halalt.org/index.html
Lyackson,Lyackson,"7973A CHEMAINUS ROAD, CHEMAINUS, BC",V0R 1K5,(250) 246-5019,http://www.lyackson.bc.ca/
Malahat Nation,Malahat Nation,"110 THUNDER ROAD, RR 4, MILL BAY, BC",V0R 2P4,(250) 743-3231,http://www.malahatnation.ca/
Snuneymuxw First Nation,Snuneymuxw First Nation,"668 CENTRE STREET, NANAIMO, BC",V9R 4Z4,(250) 740-2300,http://www.snuneymuxw.ca/
Nanoose First Nation,Nanoose First Nation,"209 MALLARD WAY, LANTZVILLE, BC",V0R 2H0,(250) 390-3661,http://www.nanoose.org/
Penelakut Tribe,Penelakut Tribe,"PO BOX 360, CHEMAINUS, BC",V0R 1K0,(250) 246-2321,http://www.penelakut.ca/
Penelakut Tribe,Penelakut Tribe,"PO BOX 360, CHEMAINUS, BC",V0R 1K0,(250) 246-2321,http://www.penelakut.ca/
Penelakut Tribe,Penelakut Tribe,"PO BOX 360, CHEMAINUS, BC",V0R 1K0,(250) 246-2321,http://www.penelakut.ca/
Tsartlip,Tsartlip,"PO BOX 70, #1 Boatramp Road, BRENTWOOD BAY, BC",V8M 1R3,(250) 652-3988,http://www.tsartlip.com/
Tsawout First Nation,Tsawout First Nation,"7728 TETAYUT ROAD, SAANICHTON, BC",V8M 2E4,(250) 652-9101,http://www.tsawout.com/
Tseycum,Tseycum,"1210 TOTEM LANE, NORTH SAANICH, BC",V8L 5S4,(250) 656-0858,http://www.tseycum.ca/
Songhees Nation,Songhees Nation,"1100 ADMIRALS RD, VICTORIA, BC",V9A 2P6,(250) 386-1043,http://www.songheesnation.ca/
T'Sou-ke First Nation,T'Sou-ke First Nation,"PO BOX 307, SOOKE, BC",V9Z 1G1,(250) 642-3957,http://www.tsoukenation.com/
Pacheedaht First Nation,Pacheedaht First Nation,"GENERAL DELIVERY, PORT RENFREW, BC",V0S 1K0,(250) 647-5521,http://pacheedahtfirstnation.com/
Ahousaht,Ahousaht,"GENERAL DELIVERY, AHOUSAHT, BC",V0R 1A0,(250) 670-9563,http://www.ahousaht.ca/
Tla-o-qui-aht First Nations,Tla-o-qui-aht First Nations,"PO BOX 18, TOFINO, BC",V0R 2Z0,(250) 725-3350,http://www.tla-o-qui-aht.org/
Tla-o-qui-aht First Nations,Tla-o-qui-aht First Nations,"PO BOX 18, TOFINO, BC",V0R 2Z0,(250) 725-3350,http://www.tla-o-qui-aht.org/
Ditidaht,Ditidaht,"PO BOX 340, PORT ALBERNI, BC",V9Y 7M8,(250) 745-3333,http://www.ditidaht.ca/
Huu-ay-aht First Nations,Huu-ay-aht First Nations,"HUU-AY-AHT TREATY OFFICE, 3483 3RD AVE, PORT ALBERNI, BC",V9Y 4E4,(250) 728-3414,http://www.huuayaht.org/
Hupacasath First Nation,Hupacasath First Nation,"PO BOX 211, PORT ALBERNI, BC",V9Y 7M7,(250) 724-4041,http://www.hupacasath.ca/
Tseshaht,Tseshaht,"5091 TSUMA-AS DR, PORT ALBERNI, BC",V9Y 8X9,(250) 724-1225,http://www.tseshaht.com
Toquaht,Toquaht,"1971 PENINSULA ROAD, PO BOX 759, UCLUELET, BC",V0R 3A0,(250) 726-4230,http://www.toquaht.ca/
Uchucklesaht,Uchucklesaht,"5251 ARGYLE STREET, SUITE A, PORT ALBERNI, BC",V9Y 1V1,(250) 724-1832,http://www.uchucklesaht.ca/
Ucluelet First Nation,Ucluelet First Nation,"PO BOX 699, UCLUELET, BC",V0R 3A0,(250) 726-7342,http://www.ufn.ca/
Old Massett Village Council,Old Massett Village Council,"PO BOX 189, OLD MASSET, BC",V0T 1M0,(250) 626-3337,http://www.haidanation.ca/
Skidegate,Skidegate,"PO BOX 1301, SKIDEGATE, BC",V0T 1S1,(250) 559-4496,http://www.skidegate.ca/
Nisga'a Village of Gingolx,Nisga'a Village of Gingolx,"607 FRONT ST, GINGOLX, BC",V0V 1B0,(250) 326-4212,http://www.gingolx.ca/home.html
Gitxaala Nation,Gitxaala Nation,"PO BOX 149, KITKATLA, BC",V0V 1C0,(250) 848-2214,http://gitxaalanation.com/
Metlakatla First Nation,Metlakatla First Nation,"PO BOX 459, PRINCE RUPERT, BC",V8J 3R2,(250) 628-3234,http://www.metlakatla.ca%20
Lax Kw'alaams,Lax Kw'alaams,"206 SHASHAAK STREET, LAX KW'ALAAMS, BC",V0V 1H0,(250) 625-3293,http://www.laxkwalaams.ca
Gitga'at First Nation,Gitga'at First Nation,"GENERAL DELIVERY, 445 HAYIMIISAXAA WAY, HARTLEY BAY, BC",V0V 1A0,(250) 841-2500,http://www.gitgaat.net/
Haisla Nation,Haisla Nation,"PO BOX 1101, HAISLA, BC",V0T 2B0,(250) 639-9361,http://www.haisla.ca/
Nisga'a Village of New Aiyansh,Nisga'a Village of New Aiyansh,"PO BOX 233, 5200 SKATEEN DR, NEW AIYANSH, BC",V0J 1A0,(250) 633-2215,http://www.nisgaanation.ca/gitlaxtaamiks
Nisga'a Village of Laxgalt'sap,Nisga'a Village of Laxgalt'sap,"PO BOX 200, 416 NORTH RD, GREENVILLE, BC",V0J 1X0,(250) 621-3212,http://www.nisgaanation.ca/laxgaltsap-greenville
Nisga'a Village of Gitwinksihlkw,Nisga'a Village of Gitwinksihlkw,"PO BOX 1, 3004 TS'OOHL TS'AP AVE, GITWINKSIHLKW, BC",V0J 3T0,(250) 633-2294,http://www.nisgaalisims.ca/?q=gitwinksihlkw-home-nass-river
Kitselas,Kitselas,"2225 GITAUS ROAD, TERRACE, BC",V8G 0A9,(250) 635-5084,http://www.kitselas.com/
Kitsumkalum,Kitsumkalum,"PO BOX 544, TERRACE, BC",V8G 4B5,(250) 635-6177,http://www.kitsumkalum.bc.ca/
Tahltan,Tahltan,"PO BOX 46, TELEGRAPH CREEK, BC",V0J 2W0,(250) 235-3151,http://www.tahltan.ca/
Iskut,Iskut,"PO BOX 30, ISKUT, BC",V0J 1K0,(250) 234-3331,http://iskut.org/
Adams Lake,Adams Lake,"PO BOX 588, CHASE, BC",V0E 1M0,(250) 679-8841,http://www.shuswapnation.org/bands/member-bands/adamslake.html
Adams Lake,Adams Lake,"PO BOX 588, CHASE, BC",V0E 1M0,(250) 679-8841,http://www.shuswapnation.org/bands/member-bands/adamslake.html
Bonaparte,Bonaparte,"PO BOX 669, CACHE CREEK, BC",V0K 1H0,(250) 457-9624,http://www.bonaparteindianband.com/
Skeetchestn,Skeetchestn,"PO BOX 178, SAVONA, BC",V0K 2J0,(250) 373-2493,http://www.skeetchestn.ca/
Tk'emlúps te Secwépemc,Tk'emlúps te Secwépemc,"200 -  330 CHIEF ALEX THOMAS WAY, KAMLOOPS, BC",V2H 1H1,(250) 828-9700,http://www.tkemlups.ca/
Little Shuswap Lake,Little Shuswap Lake,"1886 LITTLE SHUSWAP LAKE ROAD, CHASE, BC",V0E 1M2,(250) 679-3203,http://www.lslib.com/
Neskonlith,Neskonlith,"PO BOX 318, CHASE, BC",V0E 1M0,(250) 679-3295,http://www.neskonlith.org/
Simpcw First Nation,Simpcw First Nation,"PO BOX 220, BARRIERE, BC",V0E 1E0,(250) 672-9995,http://www.simpcw.com/
Simpcw First Nation,Simpcw First Nation,"PO BOX 220, BARRIERE, BC",V0E 1E0,(250) 672-9995,http://www.simpcw.com/
Coldwater,Coldwater,"PO BOX 4600, MERRITT, BC",V1K 1B8,(250) 378-6174,http://coldwaterband.com/
Coldwater,Coldwater,"PO BOX 4600, MERRITT, BC",V1K 1B8,(250) 378-6174,http://coldwaterband.com/
Lower Nicola,Lower Nicola,"181 NAWISHASKIN LANE, MERRITT, BC",V1K 0A7,(250) 378-5157,http://www.lnib.net/default.htm
Nicomen,Nicomen,"PO BOX 670, LYTTON, BC",V0K 1Z0,(250) 455-2514,http://www.nicomenband.com/
Upper Nicola,Upper Nicola,"PO BOX 3700, MERRITT, BC",V1K 1B8,(250) 350-3342,http://www.uppernicola.com/
Upper Nicola,Upper Nicola,"PO BOX 3700, MERRITT, BC",V1K 1B8,(250) 350-3342,http://www.uppernicola.com/
Upper Nicola,Upper Nicola,"PO BOX 3700, MERRITT, BC",V1K 1B8,(250) 350-3342,http://www.uppernicola.com/
Upper Nicola,Upper Nicola,"PO BOX 3700, MERRITT, BC",V1K 1B8,(250) 350-3342,http://www.uppernicola.com/
Boston Bar First Nation,Boston Bar First Nation,"PO BOX 369, BOSTON BAR, BC",V0K 1C0,(604) 867-8844,http://www.bostonbarfirstnation.com/
Whispering Pines/Clinton,Whispering Pines/Clinton,"615 WHISPERING PINES DRIVE, KAMLOOPS, BC",V2B 8S4,(250) 579-5772,http://www.wpcib.com/
High Bar,High Bar,"PO BOX 458, CLINTON, BC",V0K 1K0,(250) 459-2117,https://www.highbarfirstnations.com/
High Bar,High Bar,"PO BOX 458, CLINTON, BC",V0K 1K0,(250) 459-2117,https://www.highbarfirstnations.com/
Lytton,Lytton,"PO BOX 20, LYTTON, BC",V0K 1Z0,(250) 455-2304,http://www.lyttonfirstnations.ca/
Lytton,Lytton,"PO BOX 20, LYTTON, BC",V0K 1Z0,(250) 455-2304,http://www.lyttonfirstnations.ca/
Lytton,Lytton,"PO BOX 20, LYTTON, BC",V0K 1Z0,(250) 455-2304,http://www.lyttonfirstnations.ca/
Lytton,Lytton,"PO BOX 20, LYTTON, BC",V0K 1Z0,(250) 455-2304,http://www.lyttonfirstnations.ca/
Lytton,Lytton,"PO BOX 20, LYTTON, BC",V0K 1Z0,(250) 455-2304,http://www.lyttonfirstnations.ca/
Lytton,Lytton,"PO BOX 20, LYTTON, BC",V0K 1Z0,(250) 455-2304,http://www.lyttonfirstnations.ca/
Esk'etemc,Esk'etemc,"PO BOX 157, ALKALI LAKE, BC",V0L 1B0,(250) 440-5611,http://www.esketemc.org/
Esk'etemc,Esk'etemc,"PO BOX 157, ALKALI LAKE, BC",V0L 1B0,(250) 440-5611,http://www.esketemc.org/
Canim Lake,Canim Lake,"PO BOX 1030, 100 MILE HOUSE, BC",V0K 2E0,(250) 397-2227,http://www.canimlakeband.com/
Xeni Gwet'in First Nations Government,Xeni Gwet'in First Nations Government,"GENERAL DELIVERY, NEMIAH VALLEY, BC",V0L 1X0,(250) 394-7023,http://www.xenigwetin.com/
Xeni Gwet'in First Nations Government,Xeni Gwet'in First Nations Government,"GENERAL DELIVERY, NEMIAH VALLEY, BC",V0L 1X0,(250) 394-7023,http://www.xenigwetin.com/
Soda Creek,Soda Creek,"3405 MOUNTAIN HOUSE ROAD, WILLIAMS LAKE, BC",V2G 5L5,(250) 989-2323,http://www.xatsull.com/
Soda Creek,Soda Creek,"3405 MOUNTAIN HOUSE ROAD, WILLIAMS LAKE, BC",V2G 5L5,(250) 989-2323,http://www.xatsull.com/
Soda Creek,Soda Creek,"3405 MOUNTAIN HOUSE ROAD, WILLIAMS LAKE, BC",V2G 5L5,(250) 989-2323,http://www.xatsull.com/
Williams Lake,Williams Lake,"2672 INDIAN DRIVE, WILLIAMS LAKE, BC",V2G 5K9,(250) 296-3507,http://www.williamslakeband.ca
Nazko First Nation,Nazko First Nation,"PO BOX 4129, QUESNEL, BC",V2J 3J2,(250) 992-9085,http://nazkoband.ca/
Lhoosk'uz Dene Nation,Lhoosk'uz Dene Nation,"PO BOX 4339, QUESNEL, BC",V2J 3J8,(250) 992-3290,http://www.lhooskuz.com/
Lhoosk'uz Dene Nation,Lhoosk'uz Dene Nation,"PO BOX 4339, QUESNEL, BC",V2J 3J8,(250) 992-3290,http://www.lhooskuz.com/
Stswecem'c Xgat'tem First Nation,Stswecem'c Xgat'tem First Nation,"GENERAL DELIVERY, DOG CREEK, BC",V0L 1J0,(250) 440-5645,http://canoecreekband.ca/
Stswecem'c Xgat'tem First Nation,Stswecem'c Xgat'tem First Nation,"GENERAL DELIVERY, DOG CREEK, BC",V0L 1J0,(250) 440-5645,http://canoecreekband.ca/
Wet'suwet'en First Nation,Wet'suwet'en First Nation,"PO BOX 760, BURNS LAKE, BC",V0J 1E0,(250) 698-7307,http://www.cstc.bc.ca/cstc/44/wetsuweten+first+nation
Wet'suwet'en First Nation,Wet'suwet'en First Nation,"PO BOX 760, BURNS LAKE, BC",V0J 1E0,(250) 698-7307,http://www.cstc.bc.ca/cstc/44/wetsuweten+first+nation
Wet'suwet'en First Nation,Wet'suwet'en First Nation,"PO BOX 760, BURNS LAKE, BC",V0J 1E0,(250) 698-7307,http://www.cstc.bc.ca/cstc/44/wetsuweten+first+nation
Yekooche First Nation,Yekooche First Nation,"1890 - 3RD AVENUE, PRINCE GEORGE, BC",V2M 1G4,(250) 562-0592,http://www.yekooche.com/
Yekooche First Nation,Yekooche First Nation,"1890 - 3RD AVENUE, PRINCE GEORGE, BC",V2M 1G4,(250) 562-0592,http://www.yekooche.com/
Binche Whut'en,Binche Whut'en,"204 Mandine Drive, PO Box 2039, Fort St. James, BC",V0J 1P0,(250) 648-3232,http://binchekeyoh.ca/
